keyword,region,match,bid,bid_lb,bid_ub,predicted_clicks,predicted_epc,is_new_keyword,conv_value,cost,profit,combo_key,obs_clicks,obs_cost,obs_conv_value,obs_cpc,obs_epc,replay_ratio,replay_clicks,replay_revenue,replay_cost,replay_profit,active,,
generative ai certificate course,USA,Broad match,0,0.69,23.82,0,0,FALSE,0,0,0,generative ai certificate course||Broad match||USA,3,5.79,200,1.93,66.66666667,0,0,0,0,0,0,0,
generative ai fundamentals course,USA,Broad match,0,0.593949895,13.68826066,0,0,TRUE,0,0,0,generative ai fundamentals course||Broad match||USA,3,3.84,0,1.28,0,0,0,0,0,0,0,0,
generative ai online course,USA,Broad match,0,0.43,34.1,0,0,FALSE,0,0,0,generative ai online course||Broad match||USA,3,6.09,200,2.03,66.66666667,0,0,0,0,0,0,0,
generative ai online program,USA,Broad match,-1.96E-12,0.35,17.35,0,-9.09E-16,FALSE,0,0,0,generative ai online program||Broad match||USA,8,9.92,0,1.24,0,0,0,0,0,0,0,0,
generative ai certificate program,USA,Broad match,0,0.623528675,21.52529428,0,0,TRUE,0,0,0,generative ai certificate program||Broad match||USA,1,1.22,0,1.22,0,0,0,0,0,0,0,0,
generative ai foundations course,USA,Broad match,0,0.65,14.98,0,0,FALSE,0,0,0,generative ai foundations course||Broad match||USA,21,25.62,0,1.22,0,0,0,0,0,0,0,0,
mit generative ai certificate,USA,Broad match,0,0.67,2.61,0,0,FALSE,0,0,0,mit generative ai certificate||Broad match||USA,4,4.68,0,1.17,0,0,0,0,0,0,0,0,
generative ai certification online,USA,Broad match,0,0.24,4.63,0,-1.93E-11,FALSE,0,0,0,generative ai certification online||Broad match||USA,0,0,0,,,0,0,,0,,0,0,
online course generative ai,USA,Broad match,0,0.62,3.61,0,0,FALSE,0,0,0,online course generative ai||Broad match||USA,2,2.9,0,1.45,0,0,0,0,0,0,0,0,
professional ai certificate,USA,Phrase match,0,0.41,4.43,0,-2.58E-11,FALSE,0,0,0,professional ai certificate||Phrase match||USA,0,0,0,,,0,0,,0,,0,0,
mit professional development,A,Broad match,0,1.070815642,9.786065172,0,0,TRUE,0,0,0,mit professional development||Broad match||A,3,3.57,0,1.19,0,0,0,0,0,0,0,0,
generative ai course,A,Broad match,0.4,0.4,2.74,12.78902027,33.24034473,FALSE,425.1114425,5.115608107,419.9958344,generative ai course||Broad match||A,6,6.54,0,1.09,0,0.366972477,2.201834862,0,0.880733945,-0.880733945,1,1,
generative ai courses,A,Broad match,0.33,0.33,4.33,13.62532206,49.51524503,FALSE,674.6611605,4.496356281,670.1648042,generative ai courses||Broad match||A,0,0,0,,,2,0,,0,,1,1,
online ai and ml courses,A,Phrase match,0,0.39,17.29,0,0,FALSE,0,0,0,online ai and ml courses||Phrase match||A,2,2,0,1,0,0,0,0,0,0,0,0,
generative ai certificate course,A,Broad match,0,0.31,15.2,0,-1.36E-11,FALSE,0,0,0,generative ai certificate course||Broad match||A,0,0,0,,,0,0,,0,,0,0,
generative ai online course,A,Broad match,0,0.24,10.45,0,0,FALSE,0,0,0,generative ai online course||Broad match||A,1,1.81,0,1.81,0,0,0,0,0,0,0,0,
generative ai online program,A,Broad match,0,0.42,7.63,0,-2.24E-11,FALSE,0,0,0,generative ai online program||Broad match||A,7,5.67,600,0.81,85.71428571,0,0,0,0,0,0,0,
generative ai foundations course,A,Broad match,0,0.28,17.08,0,-2.49E-11,FALSE,0,0,0,generative ai foundations course||Broad match||A,8,10.8,600,1.35,75,0,0,0,0,0,0,0,
online course generative ai,A,Broad match,0,0.3,2.9,0,-2.57E-11,FALSE,0,0,0,online course generative ai||Broad match||A,0,0,0,,,0,0,,0,,0,0,
mit professional development,B,Broad match,0.07,0.07,0.85,20.56157185,34.42078705,FALSE,707.7454861,1.439310029,706.306176,mit professional development||Broad match||B,1,0.09,0,0.09,0,0.777777778,0.777777778,0,0.054444444,-0.054444444,1,1,
generative ai course,B,Broad match,0.16,0.16,2.85,18.61473902,33.42827509,FALSE,622.2586167,2.978358243,619.2802585,generative ai course||Broad match||B,0,0,0,,,2,0,,0,,1,1,
generative ai courses,B,Broad match,0.13,0.13,0.69,18.61473902,49.91822119,FALSE,929.2146598,2.419916073,926.7947437,generative ai courses||Broad match||B,0,0,0,,,2,0,,0,,1,1,
online ai and ml courses,B,Phrase match,0,0.1,8.29,0,-1.77E-11,FALSE,0,0,0,online ai and ml courses||Phrase match||B,0,0,0,,,0,0,,0,,0,0,
generative ai online course,B,Broad match,0,0.14,4.8,0,-2.35E-11,FALSE,0,0,0,generative ai online course||Broad match||B,3,1.5,0,0.5,0,0,0,0,0,0,0,0,
generative ai online program,B,Broad match,0.08,0.08,2.52,18.42476816,7.183869695,FALSE,132.3611336,1.473981453,130.8871522,generative ai online program||Broad match||B,2,0.5,0,0.25,0,0.32,0.64,0,0.0512,-0.0512,1,1,
generative ai certificate program,B,Broad match,0,0.15,4.94,0,0,FALSE,0,0,0,generative ai certificate program||Broad match||B,0,0,0,,,0,0,,0,,0,0,
mit generative ai certificate,B,Broad match,0.03,0.03,0.64,20.15916451,23.44541075,FALSE,472.6398923,0.604774935,472.0351174,mit generative ai certificate||Broad match||B,2,0.5,0,0.25,0,0.12,0.24,0,0.0072,-0.0072,1,1,
generative ai certification online,B,Broad match,0.16,0.16,0.49,21.26438007,40.82214941,FALSE,868.0577005,3.402300812,864.6553997,generative ai certification online||Broad match||B,2,0.74,0,0.37,0,0.432432432,0.864864865,0,0.138378378,-0.138378378,1,1,
online course generative ai,B,Broad match,0.27,0.27,0.72,15.99756425,25.28356927,FALSE,404.4755238,4.319342347,400.1561814,online course generative ai||Broad match||B,31,10.85,1000,0.35,32.25806452,0.771428571,23.91428571,771.4285714,6.456857143,764.9717143,1,0,
mit ai course,USA,Phrase match,0,0.61,17.78,0,0,FALSE,0,0,0,mit ai course||Phrase match||USA,5,7.65,0,1.53,0,0,0,0,0,0,0,0,
stanford ai professional program,USA,Phrase match,0.23,0.23,2.25,14.81888773,28.6786944,FALSE,424.9863524,3.408344177,421.5780083,stanford ai professional program||Phrase match||USA,1,1.13,0,1.13,0,0.203539823,0.203539823,0,0.046814159,-0.046814159,1,1,
mit professional development,USA,Broad match,0,0.91,5.53,0,0,FALSE,0,0,0,mit professional development||Broad match||USA,58,74.24,200,1.28,3.448275862,0,0,0,0,0,0,0,
generative ai course,USA,Broad match,0,0.405611204,3.862963844,0,0,TRUE,0,0,0,generative ai course||Broad match||USA,6,6.48,0,1.08,0,0,0,0,0,0,0,0,
generative ai courses,USA,Broad match,0,0.42,4,0,-2.18E-11,FALSE,0,0,0,generative ai courses||Broad match||USA,3,3.48,0,1.16,0,0,0,0,0,0,0,0,
online ai and ml courses,USA,Phrase match,0,1.913512999,9.653759272,0,0,TRUE,0,0,0,online ai and ml courses||Phrase match||USA,19,34.2,200,1.8,10.52631579,0,0,0,0,0,0,0,
mit xpro ai,USA,Broad match,0.01,0.01,24.42,20.15916451,11.11907795,FALSE,224.1513215,0.201591645,223.9497299,mit xpro ai||Broad match||USA,68,91.12,200,1.34,2.941176471,0.007462687,0.507462687,1.492537313,0.005074627,1.487462687,1,1,
mit artificial intelligence course,USA,Phrase match,0,0.83,28.92,0,0,FALSE,0,0,0,mit artificial intelligence course||Phrase match||USA,9,19.44,200,2.16,22.22222222,0,0,0,0,0,0,0,
professional certificate in ai,USA,Phrase match,0,0.58,3.46,0,0,FALSE,0,0,0,professional certificate in ai||Phrase match||USA,0,0,0,,,0,0,,0,,0,0,
mit xpro ai,A,Broad match,0,0.47,2.58,0,-1.66E-11,FALSE,0,0,0,mit xpro ai||Broad match||A,4,5.2,0,1.3,0,0,0,0,0,0,0,0,
mit artificial intelligence course,B,Phrase match,0.14,0.14,8.06,19.92747766,19.70995784,FALSE,392.7697445,2.789846873,389.9798976,mit artificial intelligence course||Phrase match||B,0,0,0,,,2,0,,0,,1,1,
generative ai certificate course,B,Broad match,0.12,0.12,6.24,20.15916451,20.10291805,FALSE,405.2580321,2.419099741,402.8389324,generative ai certificate course||Broad match||B,0,0,0,,,2,0,,0,,1,1,
generative ai course mit,USA,Broad match,0,0.6,2,0,0,FALSE,0,0,0,generative ai course mit||Broad match||USA,0,0,0,,,0,0,,0,,0,0,
prompt engineering course,USA,Phrase match,0,0.48,7.85,0,0,FALSE,0,0,0,prompt engineering course||Phrase match||USA,0,0,0,,,0,0,,0,,0,0,
generative ai certification online,USA,Phrase match,0,0.82,3.55,0,0,FALSE,0,0,0,generative ai certification online||Phrase match||USA,0,0,0,,,0,0,,0,,0,0,
generative ai fundamentals course,A,Broad match,0,0.368838501,2.526543729,0,0,TRUE,0,0,0,generative ai fundamentals course||Broad match||A,2,1.64,0,0.82,0,0,0,0,0,0,0,0,
generative ai certificate program,A,Broad match,0,0.43,21.82,0,0,FALSE,0,0,0,generative ai certificate program||Broad match||A,1,0.38,0,0.38,0,0,0,0,0,0,0,0,
generative ai certification online,A,Broad match,0.431224529,0.43,1.4,14.03980464,40.80208664,FALSE,572.8533255,6.054308138,566.7990173,generative ai certification online||Broad match||A,0,0,0,,,2,0,,0,,1,1,
mit xpro ai course,USA,Exact match,0,0.84,7.28,0,0,FALSE,0,0,0,mit xpro ai course||Exact match||USA,0,0,0,,,0,0,,0,,0,0,
online generative ai course,USA,Phrase match,0.48,0.48,4.96,8.96685987,44.5736732,FALSE,399.6858815,4.304092738,395.3817888,online generative ai course||Phrase match||USA,0,0,0,,,2,0,,0,,1,1,
professional certificate in ai,A,Phrase match,0.56,0.56,1.58,8.188065231,53.43934914,FALSE,437.5648767,4.58531653,432.9795602,professional certificate in ai||Phrase match||A,0,0,0,,,2,0,,0,,1,1,
artificial intelligence course,B,Exact match,0,0.21,5.69,0,0,FALSE,0,0,0,artificial intelligence course||Exact match||B,0,0,0,,,0,0,,0,,0,0,
mit artificial intelligence course,A,Phrase match,0,0.8,13.58,0,0,FALSE,0,0,0,mit artificial intelligence course||Phrase match||A,0,0,0,,,0,0,,0,,0,0,
generative ai course mit,USA,Exact match,0,1.47,44.08,0,0,FALSE,0,0,0,generative ai course mit||Exact match||USA,0,0,0,,,0,0,,0,,0,0,
mit generative ai course,USA,Exact match,0,0.57,33.96,0,-2.03E-11,FALSE,0,0,0,mit generative ai course||Exact match||USA,0,0,0,,,0,0,,0,,0,0,
mit ai course,B,Phrase match,0,0.16,0.35,0,0,FALSE,0,0,0,mit ai course||Phrase match||B,0,0,0,,,0,0,,0,,0,0,
generative ai fundamentals,B,Exact match,0.430000002,0.42,1.7,13.17255164,49.08118656,FALSE,646.5244645,5.664197233,640.8602673,generative ai fundamentals||Exact match||B,0,0,0,,,2,0,,0,,1,1,
mit generative ai course,B,Exact match,0.350000005,0.35,29.65,12.43366392,64.29073109,FALSE,799.3693433,4.351782428,795.0175609,mit generative ai course||Exact match||B,0,0,0,,,2,0,,0,,1,1,
mit xpro ai,B,Broad match,0.09,0.09,1.66,20.15916451,32.80027267,FALSE,661.2260926,1.814324806,659.4117678,mit xpro ai||Broad match||B,3,0.75,0,0.25,0,0.36,1.08,0,0.0972,-0.0972,1,1,
ai certification mit,USA,Exact match,0,0.01,39.03,0,1.79E-11,FALSE,0,0,0,ai certification mit||Exact match||USA,0,0,0,,,0,0,,0,,0,0,
mit xpro ai course,USA,Phrase match,0,0.81,2.46,0,0,FALSE,0,0,0,mit xpro ai course||Phrase match||USA,0,0,0,,,0,0,,0,,0,0,
driving innovation with generative ai mit,A,Phrase match,1.19,1.19,3.62,3.453613897,381.9041919,FALSE,1318.949625,4.109800537,1314.839824,driving innovation with generative ai mit||Phrase match||A,0,0,0,,,2,0,,0,,1,1,
generative ai course usa,USA,Phrase match,0,0.91,0.91,0,0,FALSE,0,0,0,generative ai course usa||Phrase match||USA,0,0,0,,,0,0,,0,,0,0,
ai for business,USA,Phrase match,0,1.43,25.62,0,0,FALSE,0,0,0,ai for business||Phrase match||USA,0,0,0,,,0,0,,0,,0,0,
artificial intelligence training,USA,Phrase match,0,0.93,15.38,0,0,FALSE,0,0,0,artificial intelligence training||Phrase match||USA,0,0,0,,,0,0,,0,,0,0,
artificial intelligence certification,USA,Phrase match,0,1.07,27.99,0,0,FALSE,0,0,0,artificial intelligence certification||Phrase match||USA,0,0,0,,,0,0,,0,,0,0,
artificial intelligence course,USA,Phrase match,0,2.09,25.18,0,0,FALSE,0,0,0,artificial intelligence course||Phrase match||USA,0,0,0,,,0,0,,0,,0,0,
mit ai class,USA,Phrase match,0,1.79,28.98,0,0,FALSE,0,0,0,mit ai class||Phrase match||USA,0,0,0,,,0,0,,0,,0,0,
ai certification courses,USA,Phrase match,0,1.85,25.3,0,0,FALSE,0,0,0,ai certification courses||Phrase match||USA,0,0,0,,,0,0,,0,,0,0,
artificial intelligence master online,USA,Phrase match,0,3.09,10.55,0,0,FALSE,0,0,0,artificial intelligence master online||Phrase match||USA,0,0,0,,,0,0,,0,,0,0,
best course on artificial intelligence,USA,Phrase match,0,1.37,17.98,0,0,FALSE,0,0,0,best course on artificial intelligence||Phrase match||USA,0,0,0,,,0,0,,0,,0,0,
artificial intelligence for engineers,USA,Phrase match,0,2.13,17.1,0,0,FALSE,0,0,0,artificial intelligence for engineers||Phrase match||USA,0,0,0,,,0,0,,0,,0,0,
course on machine learning and artificial intelligence,USA,Phrase match,0,1.61,15.54,0,0,FALSE,0,0,0,course on machine learning and artificial intelligence||Phrase match||USA,0,0,0,,,0,0,,0,,0,0,
ai learning course,USA,Phrase match,0,0.91,32.7,0,0,FALSE,0,0,0,ai learning course||Phrase match||USA,0,0,0,,,0,0,,0,,0,0,
best ai learning course,USA,Phrase match,0,2.34,22.36,0,0,FALSE,0,0,0,best ai learning course||Phrase match||USA,0,0,0,,,0,0,,0,,0,0,
certification for artificial intelligence,USA,Phrase match,0,1.15,22.26,0,0,FALSE,0,0,0,certification for artificial intelligence||Phrase match||USA,0,0,0,,,0,0,,0,,0,0,
artificial intelligence online program,USA,Phrase match,0,1.69,20.8,0,0,FALSE,0,0,0,artificial intelligence online program||Phrase match||USA,0,0,0,,,0,0,,0,,0,0,
top artificial intelligence certification,USA,Phrase match,0,3.54,3.54,0,0,FALSE,0,0,0,top artificial intelligence certification||Phrase match||USA,0,0,0,,,0,0,,0,,0,0,
graduate certificate artificial intelligence,USA,Phrase match,0,3.79,34.53,0,0,FALSE,0,0,0,graduate certificate artificial intelligence||Phrase match||USA,0,0,0,,,0,0,,0,,0,0,
ai for engineers,USA,Phrase match,0,1.58,19.8,0,0,FALSE,0,0,0,ai for engineers||Phrase match||USA,0,0,0,,,0,0,,0,,0,0,
python and ai course,USA,Phrase match,0,1.56,11.88,0,0,FALSE,0,0,0,python and ai course||Phrase match||USA,0,0,0,,,0,0,,0,,0,0,
best introduction to artificial intelligence,USA,Phrase match,-1.12E-12,1.38,9.59,0,0,FALSE,0,0,0,best introduction to artificial intelligence||Phrase match||USA,0,0,0,,,0,0,,0,,0,0,
artificial intelligence for engineering,USA,Phrase match,0,1.53,16.54,0,0,FALSE,0,0,0,artificial intelligence for engineering||Phrase match||USA,0,0,0,,,0,0,,0,,0,0,
artificial intelligence master's degree online,USA,Phrase match,0,5.11,18.28,0,0,FALSE,0,0,0,artificial intelligence master's degree online||Phrase match||USA,0,0,0,,,0,0,,0,,0,0,
generative ai course,USA,Phrase match,0,2.3,22.98,0,0,FALSE,0,0,0,generative ai course||Phrase match||USA,0,0,0,,,0,0,,0,,0,0,
ai related certifications,USA,Phrase match,0,1.7,18.26,0,0,FALSE,0,0,0,ai related certifications||Phrase match||USA,0,0,0,,,0,0,,0,,0,0,
course in generative ai,USA,Phrase match,0,1.19,25.44,0,0,FALSE,0,0,0,course in generative ai||Phrase match||USA,0,0,0,,,0,0,,0,,0,0,
courses in generative ai,USA,Phrase match,0,2.73,14.83,0,0,FALSE,0,0,0,courses in generative ai||Phrase match||USA,0,0,0,,,0,0,,0,,0,0,
course on generative ai,USA,Phrase match,0,1.42,17.88,0,0,FALSE,0,0,0,course on generative ai||Phrase match||USA,0,0,0,,,0,0,,0,,0,0,
learn how to program ai,USA,Phrase match,0,1.64,23.69,0,0,FALSE,0,0,0,learn how to program ai||Phrase match||USA,0,0,0,,,0,0,,0,,0,0,
ai for engineering,USA,Phrase match,0,1.33,24.95,0,0,FALSE,0,0,0,ai for engineering||Phrase match||USA,0,0,0,,,0,0,,0,,0,0,
courses about ai,USA,Phrase match,0,2.23,16.25,0,0,FALSE,0,0,0,courses about ai||Phrase match||USA,0,0,0,,,0,0,,0,,0,0,
ai generated courses,USA,Phrase match,0,0.58,15.47,0,1.74E-11,FALSE,0,0,0,ai generated courses||Phrase match||USA,0,0,0,,,0,0,,0,,0,0,
artificial intelligence course,USA,Exact match,0,1.63,40.2,0,0,FALSE,0,0,0,artificial intelligence course||Exact match||USA,0,0,0,,,0,0,,0,,0,0,
artificial intelligence training,USA,Exact match,0,1.17,26.61,0,0,FALSE,0,0,0,artificial intelligence training||Exact match||USA,0,0,0,,,0,0,,0,,0,0,
artificial intelligence certification,USA,Exact match,0,2.25,30.2,0,0,FALSE,0,0,0,artificial intelligence certification||Exact match||USA,0,0,0,,,0,0,,0,,0,0,
online artificial intelligence degree,USA,Exact match,0,1.76,17.18,0,0,FALSE,0,0,0,online artificial intelligence degree||Exact match||USA,0,0,0,,,0,0,,0,,0,0,
machine learning engineer training,USA,Exact match,0,2.7,8.51,0,0,FALSE,0,0,0,machine learning engineer training||Exact match||USA,0,0,0,,,0,0,,0,,0,0,
ai learning course,USA,Exact match,0,1.96,23.48,0,0,FALSE,0,0,0,ai learning course||Exact match||USA,0,0,0,,,0,0,,0,,0,0,
artificial intelligence online program,USA,Exact match,0,1.68,11.43,0,0,FALSE,0,0,0,artificial intelligence online program||Exact match||USA,0,0,0,,,0,0,,0,,0,0,
best ai certification,USA,Exact match,0,4.24,20.35,0,0,FALSE,0,0,0,best ai certification||Exact match||USA,0,0,0,,,0,0,,0,,0,0,
mit ai class,USA,Exact match,0,1.54,47.3,0,0,FALSE,0,0,0,mit ai class||Exact match||USA,0,0,0,,,0,0,,0,,0,0,
artificial intelligence master online,USA,Exact match,0,1.45,15.3,0,0,FALSE,0,0,0,artificial intelligence master online||Exact match||USA,0,0,0,,,0,0,,0,,0,0,
artificial intelligence for engineers,USA,Exact match,0,2,15.65,0,0,FALSE,0,0,0,artificial intelligence for engineers||Exact match||USA,0,0,0,,,0,0,,0,,0,0,
learn how to program ai,USA,Exact match,0,1.01,32.62,0,0,FALSE,0,0,0,learn how to program ai||Exact match||USA,0,0,0,,,0,0,,0,,0,0,
ai courses near me,USA,Exact match,0,2.26,7.73,0,0,FALSE,0,0,0,ai courses near me||Exact match||USA,0,0,0,,,0,0,,0,,0,0,
python and ai course,USA,Exact match,0,2.99,38.26,0,0,FALSE,0,0,0,python and ai course||Exact match||USA,0,0,0,,,0,0,,0,,0,0,
best introduction to artificial intelligence,USA,Exact match,0,1.77,45.17,0,0,FALSE,0,0,0,best introduction to artificial intelligence||Exact match||USA,0,0,0,,,0,0,,0,,0,0,
what to study to become artificial intelligence engineer,USA,Exact match,0,1.38,17.36,0,-6.03E-11,FALSE,0,0,0,what to study to become artificial intelligence engineer||Exact match||USA,0,0,0,,,0,0,,0,,0,0,
generative ai course,USA,Exact match,0,1.61,35.02,0,0,FALSE,0,0,0,generative ai course||Exact match||USA,0,0,0,,,0,0,,0,,0,0,
generative ai courses,USA,Exact match,0,1.51,27.04,0,0,FALSE,0,0,0,generative ai courses||Exact match||USA,0,0,0,,,0,0,,0,,0,0,
courses about ai,USA,Exact match,0,1.62,40.5,0,0,FALSE,0,0,0,courses about ai||Exact match||USA,0,0,0,,,0,0,,0,,0,0,
best course on generative ai,USA,Exact match,-1.37E-12,3.47,21.55,0,0,FALSE,0,0,0,best course on generative ai||Exact match||USA,0,0,0,,,0,0,,0,,0,0,
generative ai courses online,USA,Exact match,0,2.85,16.39,0,0,FALSE,0,0,0,generative ai courses online||Exact match||USA,0,0,0,,,0,0,,0,,0,0,
generative ai stanford course,USA,Exact match,0,1.22,21,0,0,FALSE,0,0,0,generative ai stanford course||Exact match||USA,0,0,0,,,0,0,,0,,0,0,
ai for business,A,Phrase match,0,0.42,11.69,0,0,FALSE,0,0,0,ai for business||Phrase match||A,0,0,0,,,0,0,,0,,0,0,
artificial intelligence training,A,Phrase match,0,0.35,5.37,0,0,FALSE,0,0,0,artificial intelligence training||Phrase match||A,0,0,0,,,0,0,,0,,0,0,
artificial intelligence course,A,Phrase match,0,0.7,7.37,0,-2.16E-11,FALSE,0,0,0,artificial intelligence course||Phrase match||A,0,0,0,,,0,0,,0,,0,0,
best courses on artificial intelligence,A,Phrase match,0,0.5,9.62,0,0,FALSE,0,0,0,best courses on artificial intelligence||Phrase match||A,0,0,0,,,0,0,,0,,0,0,
best course on artificial intelligence,A,Phrase match,0,0.59,13.31,0,0,FALSE,0,0,0,best course on artificial intelligence||Phrase match||A,0,0,0,,,0,0,,0,,0,0,
ai learning course,A,Phrase match,0,0.51,9.15,0,0,FALSE,0,0,0,ai learning course||Phrase match||A,0,0,0,,,0,0,,0,,0,0,
certification for artificial intelligence,A,Phrase match,0,0.45,12.3,0,-1.22E-11,FALSE,0,0,0,certification for artificial intelligence||Phrase match||A,0,0,0,,,0,0,,0,,0,0,
artificial intelligence online program,A,Phrase match,0,0.51,8.49,0,0,FALSE,0,0,0,artificial intelligence online program||Phrase match||A,0,0,0,,,0,0,,0,,0,0,
ai for engineers,A,Phrase match,0,0.7,7.03,0,0,FALSE,0,0,0,ai for engineers||Phrase match||A,0,0,0,,,0,0,,0,,0,0,
artificial intelligence for engineering,A,Phrase match,0.58,0.58,8,8.248555376,54.18914953,FALSE,446.9822007,4.784162118,442.1980386,artificial intelligence for engineering||Phrase match||A,0,0,0,,,2,0,,0,,1,1,
best generative ai courses,A,Phrase match,0,1.43,5.82,0,0,FALSE,0,0,0,best generative ai courses||Phrase match||A,0,0,0,,,0,0,,0,,0,0,
course in generative ai,A,Phrase match,0,0.97,5.32,0,0,FALSE,0,0,0,course in generative ai||Phrase match||A,0,0,0,,,0,0,,0,,0,0,
learn how to program ai,A,Phrase match,0,0.26,6.37,0,0,FALSE,0,0,0,learn how to program ai||Phrase match||A,0,0,0,,,0,0,,0,,0,0,
courses about ai,A,Phrase match,0,0.71,9.99,0,0,FALSE,0,0,0,courses about ai||Phrase match||A,0,0,0,,,0,0,,0,,0,0,
ai generated courses,A,Phrase match,0,0.5,6.25,0,0,FALSE,0,0,0,ai generated courses||Phrase match||A,0,0,0,,,0,0,,0,,0,0,
mit ai class,A,Exact match,0,1.03,33.56,0,0,FALSE,0,0,0,mit ai class||Exact match||A,0,0,0,,,0,0,,0,,0,0,
generative ai course,A,Exact match,0,0.72,13.16,0,0,FALSE,0,0,0,generative ai course||Exact match||A,0,0,0,,,0,0,,0,,0,0,
course on generative ai,A,Exact match,0,0.75,4.07,0,0,FALSE,0,0,0,course on generative ai||Exact match||A,0,0,0,,,0,0,,0,,0,0,
courses in generative ai,A,Exact match,0,1.2,14.92,0,0,FALSE,0,0,0,courses in generative ai||Exact match||A,0,0,0,,,0,0,,0,,0,0,
generative ai course mit,A,Exact match,0,0.86,23.94,0,0,FALSE,0,0,0,generative ai course mit||Exact match||A,0,0,0,,,0,0,,0,,0,0,
ai for business,B,Phrase match,0,0.15,4.08,0,-2.51E-11,FALSE,0,0,0,ai for business||Phrase match||B,0,0,0,,,0,0,,0,,0,0,
artificial intelligence training,B,Phrase match,0,0.35,4.05,0,0,FALSE,0,0,0,artificial intelligence training||Phrase match||B,0,0,0,,,0,0,,0,,0,0,
artificial intelligence course,B,Phrase match,0,0.29,2.2,0,-2.50E-11,FALSE,0,0,0,artificial intelligence course||Phrase match||B,0,0,0,,,0,0,,0,,0,0,
best courses on artificial intelligence,B,Phrase match,0,0.31,4.31,0,0,FALSE,0,0,0,best courses on artificial intelligence||Phrase match||B,0,0,0,,,0,0,,0,,0,0,
best course on artificial intelligence,B,Phrase match,0,0.17,2.91,0,0,FALSE,0,0,0,best course on artificial intelligence||Phrase match||B,0,0,0,,,0,0,,0,,0,0,
ai learning course,B,Phrase match,0,0.19,7.99,0,-1.86E-11,FALSE,0,0,0,ai learning course||Phrase match||B,0,0,0,,,0,0,,0,,0,0,
ai short course,B,Phrase match,0.28,0.28,1.14,13.39363522,34.20345135,FALSE,458.1085506,3.750217861,454.3583327,ai short course||Phrase match||B,0,0,0,,,2,0,,0,,1,1,
ai for engineers,B,Phrase match,0,0.14,1.45,0,-2.23E-11,FALSE,0,0,0,ai for engineers||Phrase match||B,0,0,0,,,0,0,,0,,0,0,
generative ai course,B,Phrase match,0.1,0.1,10.18,18.38305217,38.08533358,FALSE,700.1246743,1.838305217,698.2863691,generative ai course||Phrase match||B,0,0,0,,,2,0,,0,,1,1,
courses about ai,B,Phrase match,0,0.33,3.62,0,0,FALSE,0,0,0,courses about ai||Phrase match||B,0,0,0,,,0,0,,0,,0,0,
artificial intelligence training,B,Exact match,0,0.23,8.5,0,0,FALSE,0,0,0,artificial intelligence training||Exact match||B,0,0,0,,,0,0,,0,,0,0,
ai certification courses,B,Exact match,0,0.15,1.33,0,0,FALSE,0,0,0,ai certification courses||Exact match||B,0,0,0,,,0,0,,0,,0,0,
best place to study artificial intelligence,B,Exact match,0.31,0.31,6.12,18.17741296,97.90524849,FALSE,1779.664133,5.634998017,1774.029135,best place to study artificial intelligence||Exact match||B,0,0,0,,,2,0,,0,,1,1,
generative ai course,B,Exact match,0.17,0.17,5.48,18.11381386,30.09700103,FALSE,545.1714743,3.079348356,542.092126,generative ai course||Exact match||B,0,0,0,,,2,0,,0,,1,1,
generative ai courses online,B,Exact match,0.41,0.41,0.62,12.28809511,55.93476141,FALSE,687.331668,5.038118994,682.293549,generative ai courses online||Exact match||B,0,0,0,,,2,0,,0,,1,1,
ai for business,C,Phrase match,0,0.17,4.79,0,0,FALSE,0,0,0,ai for business||Phrase match||C,0,0,0,,,0,0,,0,,0,0,
artificial intelligence training,C,Phrase match,0,0.11,1.75,0,0,FALSE,0,0,0,artificial intelligence training||Phrase match||C,0,0,0,,,0,0,,0,,0,0,
ai for enterprise,C,Phrase match,0.36,0.36,1.64,12.17101418,39.98835123,FALSE,486.6987897,4.381565103,482.3172246,ai for enterprise||Phrase match||C,0,0,0,,,2,0,,0,,1,1,
artificial intelligence course,C,Phrase match,0,0.16,1.87,0,-2.03E-11,FALSE,0,0,0,artificial intelligence course||Phrase match||C,0,0,0,,,0,0,,0,,0,0,
best course on artificial intelligence,C,Phrase match,0,0.16,1.25,0,0,FALSE,0,0,0,best course on artificial intelligence||Phrase match||C,0,0,0,,,0,0,,0,,0,0,
ai learning course,C,Phrase match,0,0.21,6.13,0,0,FALSE,0,0,0,ai learning course||Phrase match||C,0,0,0,,,0,0,,0,,0,0,
best ai learning course,C,Phrase match,0,0.39,3.14,0,0,FALSE,0,0,0,best ai learning course||Phrase match||C,0,0,0,,,0,0,,0,,0,0,
executive education ai,C,Phrase match,0.44,0.44,3.26,9.165306841,96.11180373,FALSE,880.8941722,4.03273501,876.8614372,executive education ai||Phrase match||C,0,0,0,,,2,0,,0,,1,1,
online ai and ml courses,C,Phrase match,0,0.27,4.6,0,0,FALSE,0,0,0,online ai and ml courses||Phrase match||C,0,0,0,,,0,0,,0,,0,0,
ai for engineers,C,Phrase match,0,0.15,1.46,0,0,FALSE,0,0,0,ai for engineers||Phrase match||C,0,0,0,,,0,0,,0,,0,0,
course in generative ai,C,Phrase match,0.15,0.15,0.91,18.38305217,37.97634285,FALSE,698.1210919,2.757457826,695.3636341,course in generative ai||Phrase match||C,0,0,0,,,2,0,,0,,1,1,
generative ai training course,C,Phrase match,0.36,0.36,1.04,12.17101418,35.06591956,FALSE,426.787804,4.381565103,422.4062389,generative ai training course||Phrase match||C,0,0,0,,,2,0,,0,,1,1,
course generator ai,C,Phrase match,0,0.21,0.98,0,0,FALSE,0,0,0,course generator ai||Phrase match||C,0,0,0,,,0,0,,0,,0,0,
course on generative ai,C,Phrase match,0,0.15,1.98,0,0,FALSE,0,0,0,course on generative ai||Phrase match||C,0,0,0,,,0,0,,0,,0,0,
learn how to program ai,C,Phrase match,0,0.15,2.36,0,0,FALSE,0,0,0,learn how to program ai||Phrase match||C,0,0,0,,,0,0,,0,,0,0,
courses on generative ai,C,Phrase match,0,0.22,0.92,0,0,FALSE,0,0,0,courses on generative ai||Phrase match||C,0,0,0,,,0,0,,0,,0,0,
courses about ai,C,Phrase match,0,0.16,2.31,0,0,FALSE,0,0,0,courses about ai||Phrase match||C,0,0,0,,,0,0,,0,,0,0,
ai generated courses,C,Phrase match,0.11,0.11,1.43,19.98123436,14.87064248,FALSE,297.1337926,2.19793578,294.9358568,ai generated courses||Phrase match||C,0,0,0,,,2,0,,0,,1,1,
artificial intelligence course,C,Exact match,0,0.15,1.08,0,0,FALSE,0,0,0,artificial intelligence course||Exact match||C,0,0,0,,,0,0,,0,,0,0,
learn how to program ai,C,Exact match,0,0.22,1.05,0,0,FALSE,0,0,0,learn how to program ai||Exact match||C,0,0,0,,,0,0,,0,,0,0,
generative ai course,C,Exact match,0.13,0.13,3.28,18.11381386,23.01948,FALSE,416.9705758,2.354795802,414.61578,generative ai course||Exact match||C,0,0,0,,,2,0,,0,,1,1,
google generative ai course,C,Exact match,0,0.11,1.25,0,0,FALSE,0,0,0,google generative ai course||Exact match||C,0,0,0,,,0,0,,0,,0,0,
generative ai course mit,C,Exact match,0.01,0.01,3.36,19.65823935,23.13023371,FALSE,454.6996703,0.196582393,454.5030879,generative ai course mit||Exact match||C,0,0,0,,,2,0,,0,,1,1,
generative ai online program,C,Broad match,0,0.19,1.56,0,0,FALSE,0,0,0,generative ai online program||Broad match||C,0,0,0,,,0,0,,0,,0,0,
best courses on artificial intelligence,USA,Phrase match,0,1.47,12.93,0,0,FALSE,0,0,0,best courses on artificial intelligence||Phrase match||USA,0,0,0,,,0,0,,0,,0,0,
best course for artificial intelligence,USA,Phrase match,0,1.65,41.47,0,0,FALSE,0,0,0,best course for artificial intelligence||Phrase match||USA,0,0,0,,,0,0,,0,,0,0,
best ai classes online,USA,Phrase match,0,2.22,11.2,0,0,FALSE,0,0,0,best ai classes online||Phrase match||USA,0,0,0,,,0,0,,0,,0,0,
generative ai courses,USA,Phrase match,0,1.88,25.76,0,0,FALSE,0,0,0,generative ai courses||Phrase match||USA,0,0,0,,,0,0,,0,,0,0,
artificial intelligence for leadership,USA,Phrase match,0,3.32,16.94,0,0,FALSE,0,0,0,artificial intelligence for leadership||Phrase match||USA,0,0,0,,,0,0,,0,,0,0,
courses on generative ai,USA,Phrase match,0,1.47,19.3,0,0,FALSE,0,0,0,courses on generative ai||Phrase match||USA,0,0,0,,,0,0,,0,,0,0,
mit artificial intelligence course,USA,Exact match,0,2.3,32.04,0,4.92E-12,FALSE,0,0,0,mit artificial intelligence course||Exact match||USA,0,0,0,,,0,0,,0,,0,0,
best courses on artificial intelligence,USA,Exact match,0,1.86,16.98,0,0,FALSE,0,0,0,best courses on artificial intelligence||Exact match||USA,0,0,0,,,0,0,,0,,0,0,
best ai learning course,USA,Exact match,0,1.37,23.89,0,0,FALSE,0,0,0,best ai learning course||Exact match||USA,0,0,0,,,0,0,,0,,0,0,
best generative ai courses,USA,Exact match,0,2,19.34,0,0,FALSE,0,0,0,best generative ai courses||Exact match||USA,0,0,0,,,0,0,,0,,0,0,
courses in generative ai,USA,Exact match,0,2.86,29.56,0,0,FALSE,0,0,0,courses in generative ai||Exact match||USA,0,0,0,,,0,0,,0,,0,0,
stanford generative ai course,USA,Exact match,0,1.1,15.66,0,0,FALSE,0,0,0,stanford generative ai course||Exact match||USA,0,0,0,,,0,0,,0,,0,0,
ai certification courses,A,Phrase match,0,0.44,10.42,0,0,FALSE,0,0,0,ai certification courses||Phrase match||A,0,0,0,,,0,0,,0,,0,0,
best place to study artificial intelligence,A,Phrase match,0.65,0.65,5.48,7.847815913,106.6195953,FALSE,836.7309569,5.101080343,831.6298766,best place to study artificial intelligence||Phrase match||A,0,0,0,,,2,0,,0,,1,1,
bootcamp ai,A,Phrase match,0,1.47,2.45,0,0,FALSE,0,0,0,bootcamp ai||Phrase match||A,0,0,0,,,0,0,,0,,0,0,
generative ai course stanford,A,Phrase match,0,0.6,3.64,0,-2.24E-11,FALSE,0,0,0,generative ai course stanford||Phrase match||A,0,0,0,,,0,0,,0,,0,0,
mit generative ai course,A,Phrase match,0.86,0.86,7.55,5.233350297,73.91902258,FALSE,386.8441388,4.500681255,382.3434575,mit generative ai course||Phrase match||A,0,0,0,,,2,0,,0,,1,1,
ai related certifications,A,Phrase match,0,0.53,6.01,0,0,FALSE,0,0,0,ai related certifications||Phrase match||A,0,0,0,,,0,0,,0,,0,0,
course generative ai,A,Phrase match,0,0.55,3.86,0,0,FALSE,0,0,0,course generative ai||Phrase match||A,0,0,0,,,0,0,,0,,0,0,
learn how to program ai,A,Exact match,0,0.66,5.04,0,-3.49E-11,FALSE,0,0,0,learn how to program ai||Exact match||A,0,0,0,,,0,0,,0,,0,0,
mit generative ai course,A,Exact match,0,1.33,29.23,0,0,FALSE,0,0,0,mit generative ai course||Exact match||A,0,0,0,,,0,0,,0,,0,0,
artificial intelligence certification,B,Phrase match,0.22,0.22,6.22,15.35077578,22.33903955,FALSE,342.9215873,3.377170672,339.5444166,artificial intelligence certification||Phrase match||B,0,0,0,,,2,0,,0,,1,1,
mit ai class,B,Phrase match,0,0.85,10.54,0,0,FALSE,0,0,0,mit ai class||Phrase match||B,0,0,0,,,0,0,,0,,0,0,
artificial intelligence for engineers,B,Phrase match,8.67E-19,0.1,3.2,8.33E-17,-1.40E-11,FALSE,-1.16E-27,7.22E-35,-1.16E-27,artificial intelligence for engineers||Phrase match||B,0,0,0,,,2,0,,0,,1,1,
best ai learning course,B,Phrase match,0,0.48,2.87,0,0,FALSE,0,0,0,best ai learning course||Phrase match||B,0,0,0,,,0,0,,0,,0,0,
certification for artificial intelligence,B,Phrase match,0.3,0.3,5.88,13.39363522,38.27366112,FALSE,512.6234555,4.018090565,508.6053649,certification for artificial intelligence||Phrase match||B,0,0,0,,,2,0,,0,,1,1,
bootcamp ai,B,Phrase match,0,0.14,1.39,0,0,FALSE,0,0,0,bootcamp ai||Phrase match||B,0,0,0,,,0,0,,0,,0,0,
python and ai course,B,Phrase match,0.11,0.11,2.77,19.33509946,40.23251387,FALSE,777.8996573,2.126860941,775.7727963,python and ai course||Phrase match||B,0,0,0,,,2,0,,0,,1,1,
best introduction to artificial intelligence,B,Phrase match,0,0.19,2.06,0,0,FALSE,0,0,0,best introduction to artificial intelligence||Phrase match||B,0,0,0,,,0,0,,0,,0,0,
generative ai training course,B,Phrase match,0.28,0.28,2.18,12.86174716,41.49830318,FALSE,533.7406832,3.601289205,530.139394,generative ai training course||Phrase match||B,0,0,0,,,2,0,,0,,1,1,
learn how to program ai,B,Phrase match,0,0.21,4.15,0,-2.01E-11,FALSE,0,0,0,learn how to program ai||Phrase match||B,0,0,0,,,0,0,,0,,0,0,
ai for engineering,B,Phrase match,0,0.13,5.64,0,-1.83E-11,FALSE,0,0,0,ai for engineering||Phrase match||B,0,0,0,,,0,0,,0,,0,0,
learn how to program ai,B,Exact match,0,0.23,1.85,0,0,FALSE,0,0,0,learn how to program ai||Exact match||B,0,0,0,,,0,0,,0,,0,0,
what to study to become artificial intelligence engineer,B,Exact match,0.27,0.27,1.37,15.44288239,34.56549522,FALSE,533.7908772,4.169578244,529.621299,what to study to become artificial intelligence engineer||Exact match||B,0,0,0,,,2,0,,0,,1,1,
mit artificial intelligence course,C,Phrase match,0.16,0.16,4.16,19.92747766,12.95500551,FALSE,258.1605829,3.188396426,254.9721864,mit artificial intelligence course||Phrase match||C,0,0,0,,,2,0,,0,,1,1,
mit ai class,C,Phrase match,0,0.21,1.62,0,0,FALSE,0,0,0,mit ai class||Phrase match||C,0,0,0,,,0,0,,0,,0,0,
ai certification courses,C,Phrase match,0,0.21,1.44,0,0,FALSE,0,0,0,ai certification courses||Phrase match||C,0,0,0,,,0,0,,0,,0,0,
best courses on artificial intelligence,C,Phrase match,0,0.48,2.3,0,0,FALSE,0,0,0,best courses on artificial intelligence||Phrase match||C,0,0,0,,,0,0,,0,,0,0,
course on machine learning and artificial intelligence,C,Phrase match,0,0.19,0.74,0,0,FALSE,0,0,0,course on machine learning and artificial intelligence||Phrase match||C,0,0,0,,,0,0,,0,,0,0,
certification for artificial intelligence,C,Phrase match,0.26,0.26,1.82,15.35077578,31.19614009,FALSE,478.8849518,3.991201703,474.8937501,certification for artificial intelligence||Phrase match||C,0,0,0,,,2,0,,0,,1,1,
artificial intelligence online program,C,Phrase match,0,0.15,2.93,0,0,FALSE,0,0,0,artificial intelligence online program||Phrase match||C,0,0,0,,,0,0,,0,,0,0,
best introduction to artificial intelligence,C,Phrase match,0,0.1,0.45,0,0,FALSE,0,0,0,best introduction to artificial intelligence||Phrase match||C,0,0,0,,,0,0,,0,,0,0,
generative ai course,C,Phrase match,0.13,0.13,2.03,18.38305217,31.38414271,FALSE,576.9363328,2.389796783,574.546536,generative ai course||Phrase match||C,0,0,0,,,2,0,,0,,1,1,
course generative ai,C,Phrase match,0.16,0.16,1.67,18.80488724,16.49397698,FALSE,310.1673772,3.008781958,307.1585953,course generative ai||Phrase match||C,0,0,0,,,2,0,,0,,1,1,
generative ai course mit,C,Phrase match,0,1.54,4.5,0,-3.52E-11,FALSE,0,0,0,generative ai course mit||Phrase match||C,0,0,0,,,0,0,,0,,0,0,
artificial intelligence training,C,Exact match,0,0.26,2.83,0,0,FALSE,0,0,0,artificial intelligence training||Exact match||C,0,0,0,,,0,0,,0,,0,0,
course on generative ai,C,Exact match,0,0.2,0.94,0,0,FALSE,0,0,0,course on generative ai||Exact match||C,0,0,0,,,0,0,,0,,0,0,
courses on generative ai,C,Exact match,0,0.25,2.34,0,0,FALSE,0,0,0,courses on generative ai||Exact match||C,0,0,0,,,0,0,,0,,0,0,
generative ai stanford course,C,Exact match,0,0.23,3.58,0,0,FALSE,0,0,0,generative ai stanford course||Exact match||C,0,0,0,,,0,0,,0,,0,0,
generative ai fundamentals course,C,Broad match,0,0.18,2.11,0,0,FALSE,0,0,0,generative ai fundamentals course||Broad match||C,0,0,0,,,0,0,,0,,0,0,
artificial intelligence workshop,USA,Phrase match,0,2.35,16.08,0,0,FALSE,0,0,0,artificial intelligence workshop||Phrase match||USA,0,0,0,,,0,0,,0,,0,0,
executive education ai,USA,Phrase match,0,1.38,78.45,0,-3.29E-11,FALSE,0,0,0,executive education ai||Phrase match||USA,0,0,0,,,0,0,,0,,0,0,
best place to study artificial intelligence,USA,Phrase match,0,1.79,25.06,0,-2.36E-11,FALSE,0,0,0,best place to study artificial intelligence||Phrase match||USA,0,0,0,,,0,0,,0,,0,0,
best generative ai courses,USA,Phrase match,0,1.37,17.79,0,0,FALSE,0,0,0,best generative ai courses||Phrase match||USA,0,0,0,,,0,0,,0,,0,0,
generative ai online course,USA,Phrase match,0,1.91,18.65,0,0,FALSE,0,0,0,generative ai online course||Phrase match||USA,0,0,0,,,0,0,,0,,0,0,
course generative ai,USA,Phrase match,0,1.72,33.89,0,0,FALSE,0,0,0,course generative ai||Phrase match||USA,0,0,0,,,0,0,,0,,0,0,
google generative ai course,USA,Phrase match,0,1.13,27.49,0,3.72E-12,FALSE,0,0,0,google generative ai course||Phrase match||USA,0,0,0,,,0,0,,0,,0,0,
best generative ai course,USA,Phrase match,0,1.23,11.19,0,0,FALSE,0,0,0,best generative ai course||Phrase match||USA,0,0,0,,,0,0,,0,,0,0,
ai certification courses,USA,Exact match,0,1.29,18.35,0,0,FALSE,0,0,0,ai certification courses||Exact match||USA,0,0,0,,,0,0,,0,,0,0,
certification in machine learning and ai,USA,Exact match,0,1.64,9.3,0,0,FALSE,0,0,0,certification in machine learning and ai||Exact match||USA,0,0,0,,,0,0,,0,,0,0,
artificial intelligence stanford online,USA,Exact match,0,1.53,24.35,0,0,FALSE,0,0,0,artificial intelligence stanford online||Exact match||USA,0,0,0,,,0,0,,0,,0,0,
courses on generative ai,USA,Exact match,0,1.87,19.01,0,0,FALSE,0,0,0,courses on generative ai||Exact match||USA,0,0,0,,,0,0,,0,,0,0,
course generative ai,USA,Exact match,6.66E-16,1.95,24.18,0,5.29E-12,FALSE,0,0,0,course generative ai||Exact match||USA,0,0,0,,,2,0,,0,,1,0,
google generative ai course,USA,Exact match,-1.79E-12,1.58,17.21,-1.78E-14,4.43E-12,FALSE,-7.90E-26,3.20E-26,-1.11E-25,google generative ai course||Exact match||USA,0,0,0,,,0,0,,0,,0,0,
generative ai course stanford,USA,Exact match,0,1.8,14.15,0,0,FALSE,0,0,0,generative ai course stanford||Exact match||USA,0,0,0,,,0,0,,0,,0,0,
artificial intelligence certification,A,Phrase match,0,0.4,13.77,0,-1.92E-11,FALSE,0,0,0,artificial intelligence certification||Phrase match||A,0,0,0,,,0,0,,0,,0,0,
executive education ai,A,Phrase match,0,1.37,15.39,0,-1.63E-11,FALSE,0,0,0,executive education ai||Phrase match||A,0,0,0,,,0,0,,0,,0,0,
artificial intelligence master's degree online,A,Phrase match,0,0.78,6.1,0,0,FALSE,0,0,0,artificial intelligence master's degree online||Phrase match||A,0,0,0,,,0,0,,0,,0,0,
generative ai course,A,Phrase match,0.450000011,0.45,7.78,8.605514951,38.48877923,FALSE,331.2157652,3.872481824,327.3432833,generative ai course||Phrase match||A,0,0,0,,,2,0,,0,,1,1,
course on generative ai,A,Phrase match,0,0.55,7.26,0,0,FALSE,0,0,0,course on generative ai||Phrase match||A,0,0,0,,,0,0,,0,,0,0,
courses on generative ai,A,Phrase match,0,0.58,3.28,0,0,FALSE,0,0,0,courses on generative ai||Phrase match||A,0,0,0,,,0,0,,0,,0,0,
artificial intelligence course,A,Exact match,0,0.64,23.42,0,0,FALSE,0,0,0,artificial intelligence course||Exact match||A,0,0,0,,,0,0,,0,,0,0,
course on machine learning and artificial intelligence,B,Phrase match,0,0.19,2.51,0,0,FALSE,0,0,0,course on machine learning and artificial intelligence||Phrase match||B,0,0,0,,,0,0,,0,,0,0,
artificial intelligence online program,B,Phrase match,0,0.22,5.25,0,0,FALSE,0,0,0,artificial intelligence online program||Phrase match||B,0,0,0,,,0,0,,0,,0,0,
artificial intelligence certification,B,Exact match,0,0.28,2.3,0,0,FALSE,0,0,0,artificial intelligence certification||Exact match||B,0,0,0,,,0,0,,0,,0,0,
best ai learning course,B,Exact match,0,0.22,8.33,0,0,FALSE,0,0,0,best ai learning course||Exact match||B,0,0,0,,,0,0,,0,,0,0,
artificial intelligence master's degree online,B,Exact match,0,0.56,1.94,0,0,FALSE,0,0,0,artificial intelligence master's degree online||Exact match||B,0,0,0,,,0,0,,0,,0,0,
artificial intelligence stanford online,B,Exact match,0,0.43,2.07,0,-2.61E-11,FALSE,0,0,0,artificial intelligence stanford online||Exact match||B,0,0,0,,,0,0,,0,,0,0,
courses about ai,B,Exact match,0,0.29,2.81,0,0,FALSE,0,0,0,courses about ai||Exact match||B,0,0,0,,,0,0,,0,,0,0,
course in generative ai,B,Exact match,0.46,0.46,0.46,7.771795551,38.14076033,FALSE,296.4221914,3.575025953,292.8471655,course in generative ai||Exact match||B,0,0,0,,,2,0,,0,,1,1,
artificial intelligence certification,C,Phrase match,0,0.35,11.79,0,0,FALSE,0,0,0,artificial intelligence certification||Phrase match||C,0,0,0,,,0,0,,0,,0,0,
artificial intelligence for engineering,C,Phrase match,0.18,0.18,0.57,19.98796781,46.65442146,FALSE,932.5270742,3.597834205,928.92924,artificial intelligence for engineering||Phrase match||C,0,0,0,,,2,0,,0,,1,1,
ai for engineering,C,Phrase match,0,0.29,1.24,0,0,FALSE,0,0,0,ai for engineering||Phrase match||C,0,0,0,,,0,0,,0,,0,0,
mit artificial intelligence course,C,Exact match,0,0.08,5.31,0,-2.18E-11,FALSE,0,0,0,mit artificial intelligence course||Exact match||C,0,0,0,,,0,0,,0,,0,0,
ai certification mit,C,Exact match,0,0.28,8.53,0,0,FALSE,0,0,0,ai certification mit||Exact match||C,0,0,0,,,0,0,,0,,0,0,
mit ai class,C,Exact match,0,0.24,1.38,0,0,FALSE,0,0,0,mit ai class||Exact match||C,0,0,0,,,0,0,,0,,0,0,
what to study to become artificial intelligence engineer,C,Exact match,0.13,0.13,0.92,20.01958427,26.95035968,FALSE,539.5349966,2.602545955,536.9324507,what to study to become artificial intelligence engineer||Exact match||C,0,0,0,,,2,0,,0,,1,1,
generative ai courses,C,Exact match,0.33,0.33,2.11,13.1243969,40.74593945,FALSE,534.7658815,4.331050978,530.4348305,generative ai courses||Exact match||C,0,0,0,,,2,0,,0,,1,1,
generative ai fundamentals course,B,Broad match,0,0.14,3.19,0,0,FALSE,0,0,0,generative ai fundamentals course||Broad match||B,0,0,0,,,0,0,,0,,0,0,
generative ai foundations course,B,Broad match,0.1,0.1,10.86,20.50781515,20.81418101,FALSE,426.8533765,2.050781515,424.802595,generative ai foundations course||Broad match||B,0,0,0,,,2,0,,0,,1,1,
generative ai certificate course,C,Broad match,0.14,0.14,2.88,20.15916451,13.34796573,FALSE,269.0838369,2.822283031,266.2615539,generative ai certificate course||Broad match||C,0,0,0,,,2,0,,0,,1,1,
generative ai online course,C,Broad match,0,0.13,2.34,0,0,FALSE,0,0,0,generative ai online course||Broad match||C,0,0,0,,,0,0,,0,,0,0,
generative ai foundations course,C,Broad match,0.11,0.11,1.95,20.50781515,14.00546723,FALSE,287.221533,2.255859666,284.9656733,generative ai foundations course||Broad match||C,0,0,0,,,2,0,,0,,1,1,
ai short course,USA,Phrase match,0,1.58,21.29,0,0,FALSE,0,0,0,ai short course||Phrase match||USA,0,0,0,,,0,0,,0,,0,0,
artificial intelligence stanford online,USA,Phrase match,0,1.96,11.4,0,0,FALSE,0,0,0,artificial intelligence stanford online||Phrase match||USA,0,0,0,,,0,0,,0,,0,0,
best course for artificial intelligence,USA,Exact match,0,2.27,11.97,0,0,FALSE,0,0,0,best course for artificial intelligence||Exact match||USA,0,0,0,,,0,0,,0,,0,0,
course on generative ai,USA,Exact match,0,1.13,15.67,0,0,FALSE,0,0,0,course on generative ai||Exact match||USA,0,0,0,,,0,0,,0,,0,0,
best generative ai course,USA,Exact match,0,2.09,22.24,0,0,FALSE,0,0,0,best generative ai course||Exact match||USA,0,0,0,,,0,0,,0,,0,0,
mit ai class,A,Phrase match,0,1.46,17.44,0,0,FALSE,0,0,0,mit ai class||Phrase match||A,0,0,0,,,0,0,,0,,0,0,
best ai learning course,A,Phrase match,0,1.36,5.53,0,0,FALSE,0,0,0,best ai learning course||Phrase match||A,0,0,0,,,0,0,,0,,0,0,
best introduction to artificial intelligence,A,Phrase match,0,0.4,4.65,0,0,FALSE,0,0,0,best introduction to artificial intelligence||Phrase match||A,0,0,0,,,0,0,,0,,0,0,
courses on generative ai,A,Exact match,0,0.95,5.21,0,0,FALSE,0,0,0,courses on generative ai||Exact match||A,0,0,0,,,0,0,,0,,0,0,
stanford generative ai course,A,Exact match,0,1.29,6.8,0,0,FALSE,0,0,0,stanford generative ai course||Exact match||A,0,0,0,,,0,0,,0,,0,0,
best place to study artificial intelligence,B,Phrase match,0.49,0.49,2.99,9.407958601,107.2376173,FALSE,1008.887064,4.609899714,1004.277164,best place to study artificial intelligence||Phrase match||B,0,0,0,,,2,0,,0,,1,1,
course on generative ai,B,Phrase match,0,0.33,0.77,0,0,FALSE,0,0,0,course on generative ai||Phrase match||B,0,0,0,,,0,0,,0,,0,0,
python and ai course,B,Exact match,0,0.83,1.28,0,0,FALSE,0,0,0,python and ai course||Exact match||B,0,0,0,,,0,0,,0,,0,0,
best generative ai courses,B,Exact match,0,0.39,0.83,0,0,FALSE,0,0,0,best generative ai courses||Exact match||B,0,0,0,,,0,0,,0,,0,0,
generative ai course mit,B,Exact match,0.21,0.21,16.24,19.65823935,31.06793794,FALSE,610.7409601,4.128230263,606.6127298,generative ai course mit||Exact match||B,0,0,0,,,2,0,,0,,1,1,
bootcamp ai,USA,Phrase match,-1.50E-12,2.31,17.81,0,0,FALSE,0,0,0,bootcamp ai||Phrase match||USA,0,0,0,,,0,0,,0,,0,0,
generative ai training course,USA,Phrase match,0,2.29,12.53,0,0,FALSE,0,0,0,generative ai training course||Phrase match||USA,0,0,0,,,0,0,,0,,0,0,
artificial intelligence workshop,A,Phrase match,0,0.45,2.25,0,0,FALSE,0,0,0,artificial intelligence workshop||Phrase match||A,0,0,0,,,0,0,,0,,0,0,
courses in generative ai,B,Exact match,0.28,0.28,2.56,13.1243969,35.02339459,FALSE,459.6609314,3.674831133,455.9861003,courses in generative ai||Exact match||B,0,0,0,,,2,0,,0,,1,1,
best course on artificial intelligence,C,Exact match,0,0.42,0.9,0,0,FALSE,0,0,0,best course on artificial intelligence||Exact match||C,0,0,0,,,0,0,,0,,0,0,
generative ai course mit,USA,Phrase match,0,3.63,27.95,0,0,FALSE,0,0,0,generative ai course mit||Phrase match||USA,0,0,0,,,0,0,,0,,0,0,
generative ai online course,USA,Exact match,0,3.84,6.64,0,0,FALSE,0,0,0,generative ai online course||Exact match||USA,0,0,0,,,0,0,,0,,0,0,
ai certification mit,A,Exact match,0,1.32,38.4,0,0,FALSE,0,0,0,ai certification mit||Exact match||A,0,0,0,,,0,0,,0,,0,0,
artificial intelligence master online,A,Exact match,0,0.63,4.24,0,0,FALSE,0,0,0,artificial intelligence master online||Exact match||A,0,0,0,,,0,0,,0,,0,0,
artificial intelligence summer course,B,Phrase match,0,0.49,1.57,0,0,FALSE,0,0,0,artificial intelligence summer course||Phrase match||B,0,0,0,,,0,0,,0,,0,0,
generative ai courses online,USA,Phrase match,0,2.8,10.16,0,0,FALSE,0,0,0,generative ai courses online||Phrase match||USA,0,0,0,,,0,0,,0,,0,0,
mit generative ai course,USA,Phrase match,0,1.17,38.04,0,0,FALSE,0,0,0,mit generative ai course||Phrase match||USA,0,0,0,,,0,0,,0,,0,0,
ai certification mit,USA,Phrase match,0,1.2,29.63,0,0,FALSE,0,0,0,ai certification mit||Phrase match||USA,0,0,0,,,0,0,,0,,0,0,
best courses on generative ai,USA,Exact match,0,1.62,18.23,0,0,FALSE,0,0,0,best courses on generative ai||Exact match||USA,0,0,0,,,0,0,,0,,0,0,
best ai certification,A,Exact match,0,1.45,9.54,0,0,FALSE,0,0,0,best ai certification||Exact match||A,0,0,0,,,0,0,,0,,0,0,
course generative ai,B,Phrase match,0.21,0.21,2.26,18.80488724,23.62525946,FALSE,444.2703401,3.94902632,440.3213138,course generative ai||Phrase match||B,0,0,0,,,2,0,,0,,1,1,
course generator ai,B,Phrase match,0,0.22,1.74,0,0,FALSE,0,0,0,course generator ai||Phrase match||B,0,0,0,,,0,0,,0,,0,0,
courses on generative ai,B,Phrase match,0,0.47,3.36,0,0,FALSE,0,0,0,courses on generative ai||Phrase match||B,0,0,0,,,0,0,,0,,0,0,
artificial intelligence for engineers,C,Phrase match,0,0.28,0.88,0,0,FALSE,0,0,0,artificial intelligence for engineers||Phrase match||C,0,0,0,,,0,0,,0,,0,0,
best ai learning course,C,Exact match,0,0.19,2.04,0,0,FALSE,0,0,0,best ai learning course||Exact match||C,0,0,0,,,0,0,,0,,0,0,
generative ai course online,USA,Phrase match,0,1.74,19.98,0,0,FALSE,0,0,0,generative ai course online||Phrase match||USA,0,0,0,,,0,0,,0,,0,0,
course on machine learning and artificial intelligence,A,Exact match,0,1.14,5.48,0,0,FALSE,0,0,0,course on machine learning and artificial intelligence||Exact match||A,0,0,0,,,0,0,,0,,0,0,
generative ai courses,A,Exact match,0,1.16,4.54,0,0,FALSE,0,0,0,generative ai courses||Exact match||A,0,0,0,,,0,0,,0,,0,0,
artificial intelligence for engineering,B,Phrase match,0.16,0.16,1.21,19.98796781,53.40937379,FALSE,1067.544844,3.198074849,1064.346769,artificial intelligence for engineering||Phrase match||B,0,0,0,,,2,0,,0,,1,1,
ai related certifications,B,Phrase match,0.11,0.11,1.49,19.92747766,17.14813009,FALSE,341.7189793,2.192022543,339.5269568,ai related certifications||Phrase match||B,0,0,0,,,2,0,,0,,1,1,
ai generated courses,B,Phrase match,0.19,0.19,2.51,19.98123436,22.16320931,FALSE,442.8482796,3.796434529,439.051845,ai generated courses||Phrase match||B,0,0,0,,,2,0,,0,,1,1,
generative ai courses,B,Exact match,0.44,0.44,2.87,8.750499717,48.19979064,FALSE,421.7722543,3.850219875,417.9220344,generative ai courses||Exact match||B,0,0,0,,,2,0,,0,,1,1,
google generative ai course,B,Exact match,0,0.21,2.55,0,0,FALSE,0,0,0,google generative ai course||Exact match||B,0,0,0,,,0,0,,0,,0,0,
best course for artificial intelligence,C,Phrase match,0,0.4,2.26,0,0,FALSE,0,0,0,best course for artificial intelligence||Phrase match||C,0,0,0,,,0,0,,0,,0,0,
ai certification classes,C,Phrase match,0,0.54,0.57,0,0,FALSE,0,0,0,ai certification classes||Phrase match||C,0,0,0,,,0,0,,0,,0,0,
generative ai courses,C,Phrase match,0.2,0.2,5.46,18.38305217,48.41170331,FALSE,889.9548677,3.676610435,886.2782573,generative ai courses||Phrase match||C,0,0,0,,,2,0,,0,,1,1,
online ai and ml courses,C,Exact match,0,0.33,1.51,0,0,FALSE,0,0,0,online ai and ml courses||Exact match||C,0,0,0,,,0,0,,0,,0,0,
artificial intelligence stanford online,C,Exact match,0,0.27,1.28,0,0,FALSE,0,0,0,artificial intelligence stanford online||Exact match||C,0,0,0,,,0,0,,0,,0,0,
generative ai course stanford,C,Exact match,0.29,0.29,1.72,13.11170262,27.55200815,FALSE,361.2537374,3.80239376,357.4513437,generative ai course stanford||Exact match||C,0,0,0,,,2,0,,0,,1,1,
ai for enterprise,USA,Phrase match,0,2.99,25.72,0,0,FALSE,0,0,0,ai for enterprise||Phrase match||USA,0,0,0,,,0,0,,0,,0,0,
certification in machine learning and ai,USA,Phrase match,0,2.31,14.15,0,0,FALSE,0,0,0,certification in machine learning and ai||Phrase match||USA,0,0,0,,,0,0,,0,,0,0,
certification for artificial intelligence,USA,Exact match,0,1.74,30.19,0,0,FALSE,0,0,0,certification for artificial intelligence||Exact match||USA,0,0,0,,,0,0,,0,,0,0,
best place to study artificial intelligence,USA,Exact match,0.93,0.93,25.17,6.71433969,79.9873553,FALSE,537.0622743,6.244335911,530.8179384,best place to study artificial intelligence||Exact match||USA,0,0,0,,,2,0,,0,,1,1,
generative ai courses,A,Phrase match,0.49,0.49,11.42,8.605514951,55.35505542,FALSE,476.3587571,4.216702326,472.1420548,generative ai courses||Phrase match||A,0,0,0,,,2,0,,0,,1,1,
best course on artificial intelligence,A,Exact match,0,2.04,13.09,0,0,FALSE,0,0,0,best course on artificial intelligence||Exact match||A,0,0,0,,,0,0,,0,,0,0,
generative ai stanford course,A,Exact match,0,0.9,11.21,0,0,FALSE,0,0,0,generative ai stanford course||Exact match||A,0,0,0,,,0,0,,0,,0,0,
artificial intelligence workshop,C,Phrase match,0,0.19,1.15,0,0,FALSE,0,0,0,artificial intelligence workshop||Phrase match||C,0,0,0,,,0,0,,0,,0,0,
artificial intelligence master's degree online,C,Phrase match,0,0.41,5,0,0,FALSE,0,0,0,artificial intelligence master's degree online||Phrase match||C,0,0,0,,,0,0,,0,,0,0,
ai for managers course,C,Exact match,0,1.32,1.56,0,0,FALSE,0,0,0,ai for managers course||Exact match||C,0,0,0,,,0,0,,0,,0,0,
generative ai online courses,C,Exact match,0,0.42,0.99,0,0,FALSE,0,0,0,generative ai online courses||Exact match||C,0,0,0,,,0,0,,0,,0,0,
generative ai online courses,USA,Exact match,0,1.36,18.57,0,0,FALSE,0,0,0,generative ai online courses||Exact match||USA,0,0,0,,,0,0,,0,,0,0,
python and ai course,A,Phrase match,0,0.6,7.02,0,-3.92E-11,FALSE,0,0,0,python and ai course||Phrase match||A,0,0,0,,,0,0,,0,,0,0,
generative ai stanford course,A,Phrase match,0,2.44,2.44,0,0,FALSE,0,0,0,generative ai stanford course||Phrase match||A,0,0,0,,,0,0,,0,,0,0,
artificial intelligence certification,A,Exact match,0,1,4.7,0,0,FALSE,0,0,0,artificial intelligence certification||Exact match||A,0,0,0,,,0,0,,0,,0,0,
bootcamp ai,A,Exact match,0,0.57,10.42,0,0,FALSE,0,0,0,bootcamp ai||Exact match||A,0,0,0,,,0,0,,0,,0,0,
python and ai course,C,Phrase match,0.17,0.17,4.01,19.33509946,33.69260734,FALSE,651.4499141,3.286966909,648.1629472,python and ai course||Phrase match||C,0,0,0,,,2,0,,0,,1,1,
courses in generative ai,C,Exact match,0,0.74,0.9,0,0,FALSE,0,0,0,courses in generative ai||Exact match||C,0,0,0,,,0,0,,0,,0,0,
ai for managers course,USA,Phrase match,0,1.92,55.28,0,0,FALSE,0,0,0,ai for managers course||Phrase match||USA,0,0,0,,,0,0,,0,,0,0,
artificial intelligence summer course,USA,Phrase match,0,2.18,9.38,0,0,FALSE,0,0,0,artificial intelligence summer course||Phrase match||USA,0,0,0,,,0,0,,0,,0,0,
ai certification classes,USA,Phrase match,0,1.91,5.79,0,0,FALSE,0,0,0,ai certification classes||Phrase match||USA,0,0,0,,,0,0,,0,,0,0,
ai for managers course,A,Phrase match,0,1.14,3.22,0,0,FALSE,0,0,0,ai for managers course||Phrase match||A,0,0,0,,,0,0,,0,,0,0,
certification in machine learning and ai,A,Phrase match,0,2.3,3.76,0,0,FALSE,0,0,0,certification in machine learning and ai||Phrase match||A,0,0,0,,,0,0,,0,,0,0,
best courses on artificial intelligence,A,Exact match,0,0.84,0.84,0,0,FALSE,0,0,0,best courses on artificial intelligence||Exact match||A,0,0,0,,,0,0,,0,,0,0,
artificial intelligence stanford online,A,Exact match,0,0.91,6.97,0,0,FALSE,0,0,0,artificial intelligence stanford online||Exact match||A,0,0,0,,,0,0,,0,,0,0,
google generative ai course,A,Exact match,0,0.86,2.63,0,0,FALSE,0,0,0,google generative ai course||Exact match||A,0,0,0,,,0,0,,0,,0,0,
generative ai courses online,A,Exact match,0,1.23,4.73,0,0,FALSE,0,0,0,generative ai courses online||Exact match||A,0,0,0,,,0,0,,0,,0,0,
ai certification courses,C,Exact match,0,0.44,0.44,0,0,FALSE,0,0,0,ai certification courses||Exact match||C,0,0,0,,,0,0,,0,,0,0,
ai for business,USA,Exact match,0,9.65,9.65,0,0,FALSE,0,0,0,ai for business||Exact match||USA,0,0,0,,,0,0,,0,,0,0,
best introduction to artificial intelligence,B,Exact match,0,0.32,2.71,0,0,FALSE,0,0,0,best introduction to artificial intelligence||Exact match||B,0,0,0,,,0,0,,0,,0,0,
artificial intelligence for engineers,A,Phrase match,0,0.4,2.96,0,0,FALSE,0,0,0,artificial intelligence for engineers||Phrase match||A,0,0,0,,,0,0,,0,,0,0,
generative ai courses online,A,Phrase match,0.8,0.8,4.56,5.233350297,64.91791551,FALSE,339.7381924,4.186680238,335.5515122,generative ai courses online||Phrase match||A,0,0,0,,,2,0,,0,,1,1,
stanford generative ai course,C,Exact match,0,0.39,1.28,0,0,FALSE,0,0,0,stanford generative ai course||Exact match||C,0,0,0,,,0,0,,0,,0,0,
best ai classes online,A,Phrase match,0,2.6,15.93,0,0,FALSE,0,0,0,best ai classes online||Phrase match||A,0,0,0,,,0,0,,0,,0,0,
generative ai course stanford,A,Exact match,0,1.16,1.86,0,0,FALSE,0,0,0,generative ai course stanford||Exact match||A,0,0,0,,,0,0,,0,,0,0,
best place to study artificial intelligence,C,Phrase match,0.32,0.32,1.26,17.94572611,99.46119742,FALSE,1784.903408,5.742632356,1779.160775,best place to study artificial intelligence||Phrase match||C,0,0,0,,,2,0,,0,,1,1,
generative ai certificate program,C,Broad match,0,0.12,1.84,0,0,FALSE,0,0,0,generative ai certificate program||Broad match||C,0,0,0,,,0,0,,0,,0,0,
ai for engineering,A,Phrase match,0,0.28,5.72,0,0,FALSE,0,0,0,ai for engineering||Phrase match||A,0,0,0,,,0,0,,0,,0,0,
artificial intelligence training,A,Exact match,0,0.59,30.15,0,0,FALSE,0,0,0,artificial intelligence training||Exact match||A,0,0,0,,,0,0,,0,,0,0,
course generative ai,C,Exact match,0,0.12,2.57,0,-2.02E-11,FALSE,0,0,0,course generative ai||Exact match||C,0,0,0,,,0,0,,0,,0,0,
generative ai course online,USA,Exact match,0,3.27,20.4,0,0,FALSE,0,0,0,generative ai course online||Exact match||USA,0,0,0,,,0,0,,0,,0,0,
artificial intelligence workshop,B,Phrase match,0,0.2,0.65,0,0,FALSE,0,0,0,artificial intelligence workshop||Phrase match||B,0,0,0,,,0,0,,0,,0,0,
course generative ai,B,Exact match,0,0.29,2.03,0,0,FALSE,0,0,0,course generative ai||Exact match||B,0,0,0,,,0,0,,0,,0,0,
artificial intelligence certification,C,Exact match,0,0.49,0.63,0,0,FALSE,0,0,0,artificial intelligence certification||Exact match||C,0,0,0,,,0,0,,0,,0,0,
top artificial intelligence certification,USA,Exact match,0,2.63,27.67,-4.34E-19,-3.15E-11,FALSE,1.37E-29,0,1.37E-29,top artificial intelligence certification||Exact match||USA,0,0,0,,,0,0,,0,,0,0,
generative ai training course,USA,Exact match,0,2.26,21.62,0,0,FALSE,0,0,0,generative ai training course||Exact match||USA,0,0,0,,,0,0,,0,,0,0,
best ai learning course,A,Exact match,0,0.67,5.98,0,0,FALSE,0,0,0,best ai learning course||Exact match||A,0,0,0,,,0,0,,0,,0,0,
ai certification courses,B,Phrase match,0,0.52,2.72,0,0,FALSE,0,0,0,ai certification courses||Phrase match||B,0,0,0,,,0,0,,0,,0,0,
courses on generative ai,B,Exact match,0,0.01,3.73,0,0,FALSE,0,0,0,courses on generative ai||Exact match||B,0,0,0,,,0,0,,0,,0,0,
best generative ai courses,C,Phrase match,0,0.47,1.35,0,0,FALSE,0,0,0,best generative ai courses||Phrase match||C,0,0,0,,,0,0,,0,,0,0,
best course on generative ai,C,Exact match,0,0.29,1.07,0,0,FALSE,0,0,0,best course on generative ai||Exact match||C,0,0,0,,,0,0,,0,,0,0,
ai for engineering,C,Exact match,0,0.5,1.21,0,0,FALSE,0,0,0,ai for engineering||Exact match||C,0,0,0,,,0,0,,0,,0,0,
best ai certifications 2024,USA,Exact match,0,4.44,4.44,0,0,FALSE,0,0,0,best ai certifications 2024||Exact match||USA,0,0,0,,,0,0,,0,,0,0,
artificial intelligence for leadership,A,Phrase match,0,0.9,0.9,0,0,FALSE,0,0,0,artificial intelligence for leadership||Phrase match||A,0,0,0,,,0,0,,0,,0,0,
generative ai online course,A,Exact match,0,1.01,1.86,0,0,FALSE,0,0,0,generative ai online course||Exact match||A,0,0,0,,,0,0,,0,,0,0,
ai learning course,B,Exact match,0,0.32,6.92,0,-2.25E-11,FALSE,0,0,0,ai learning course||Exact match||B,0,0,0,,,0,0,,0,,0,0,
certification in machine learning and ai,B,Exact match,0,0.3,0.78,0,0,FALSE,0,0,0,certification in machine learning and ai||Exact match||B,0,0,0,,,0,0,,0,,0,0,
best generative ai courses,C,Exact match,5.81E-13,0.36,2.1,-3.47E-18,-3.17E-12,FALSE,1.10E-29,-2.02E-30,1.30E-29,best generative ai courses||Exact match||C,0,0,0,,,2,0,,0,,1,0,
artificial intelligence master's degree online,USA,Exact match,0,3.34,25.52,0,0,FALSE,0,0,0,artificial intelligence master's degree online||Exact match||USA,0,0,0,,,0,0,,0,,0,0,
artificial intelligence summer course,A,Phrase match,0,1.35,7.81,0,0,FALSE,0,0,0,artificial intelligence summer course||Phrase match||A,0,0,0,,,0,0,,0,,0,0,
best ai classes online,C,Exact match,0,0.51,0.51,0,0,FALSE,0,0,0,best ai classes online||Exact match||C,0,0,0,,,0,0,,0,,0,0,
courses about ai,C,Exact match,0,0.15,1.8,0,0,FALSE,0,0,0,courses about ai||Exact match||C,0,0,0,,,0,0,,0,,0,0,
courses in generative ai,B,Phrase match,0.24,0.24,2.99,13.80635029,43.17301149,FALSE,596.0617199,3.313524071,592.7481959,courses in generative ai||Phrase match||B,0,0,0,,,2,0,,0,,1,1,
best ai certification,B,Exact match,0.18,0.18,1.69,19.06586115,19.40197422,FALSE,369.9153465,3.431855007,366.4834915,best ai certification||Exact match||B,0,0,0,,,2,0,,0,,1,1,
generative ai training course,B,Exact match,0,3.61,3.61,0,0,FALSE,0,0,0,generative ai training course||Exact match||B,0,0,0,,,0,0,,0,,0,0,
ai short course,C,Phrase match,0,0.47,0.77,0,0,FALSE,0,0,0,ai short course||Phrase match||C,0,0,0,,,0,0,,0,,0,0,
ai related certifications,C,Phrase match,0.12,0.12,1,19.92747766,10.33941631,FALSE,206.0384876,2.391297319,203.6471903,ai related certifications||Phrase match||C,0,0,0,,,2,0,,0,,1,1,
courses in generative ai,C,Phrase match,0.42,0.42,0.42,12.70290223,37.27824237,FALSE,473.5418682,5.335218937,468.2066493,courses in generative ai||Phrase match||C,0,0,0,,,2,0,,0,,1,1,
best ai certification,C,Exact match,0,0.31,0.39,0,0,FALSE,0,0,0,best ai certification||Exact match||C,0,0,0,,,0,0,,0,,0,0,
best courses on generative ai,USA,Phrase match,0,2.83,16.89,0,0,FALSE,0,0,0,best courses on generative ai||Phrase match||USA,0,0,0,,,0,0,,0,,0,0,
artificial intelligence workshop,A,Exact match,0,3.98,3.98,0,0,FALSE,0,0,0,artificial intelligence workshop||Exact match||A,0,0,0,,,0,0,,0,,0,0,
what to study to become artificial intelligence engineer,A,Exact match,0,1.83,10.01,0,0,FALSE,0,0,0,what to study to become artificial intelligence engineer||Exact match||A,0,0,0,,,0,0,,0,,0,0,
best generative ai courses,A,Exact match,0,1.4,4.76,0,0,FALSE,0,0,0,best generative ai courses||Exact match||A,0,0,0,,,0,0,,0,,0,0,
course on generative ai,B,Exact match,0,0.37,1.64,0,0,FALSE,0,0,0,course on generative ai||Exact match||B,0,0,0,,,0,0,,0,,0,0,
artificial intelligence master online,A,Phrase match,0,0.8,7.13,0,0,FALSE,0,0,0,artificial intelligence master online||Phrase match||A,0,0,0,,,0,0,,0,,0,0,
certification for artificial intelligence,A,Exact match,0,1.45,19.38,0,0,FALSE,0,0,0,certification for artificial intelligence||Exact match||A,0,0,0,,,0,0,,0,,0,0,
google generative ai course,C,Phrase match,0,0.15,1.05,0,0,FALSE,0,0,0,google generative ai course||Phrase match||C,0,0,0,,,0,0,,0,,0,0,
ai certification mit,C,Phrase match,0,1.78,1.78,0,0,FALSE,0,0,0,ai certification mit||Phrase match||C,0,0,0,,,0,0,,0,,0,0,
best place to study artificial intelligence,C,Exact match,1.03,1.03,1.03,6.71433969,94.91359769,FALSE,637.282136,6.91576988,630.3663662,best place to study artificial intelligence||Exact match||C,0,0,0,,,2,0,,0,,1,1,
mit artificial intelligence course,A,Exact match,0,0.71,22.89,0,-4.61E-11,FALSE,0,0,0,mit artificial intelligence course||Exact match||A,0,0,0,,,0,0,,0,,0,0,
generative ai courses,B,Phrase match,0.220000003,0.22,2.54,13.80635029,55.38170145,FALSE,764.6191701,3.037397109,761.581773,generative ai courses||Phrase match||B,0,0,0,,,2,0,,0,,1,1,
google generative ai course,B,Phrase match,0,0.32,1.36,0,0,FALSE,0,0,0,google generative ai course||Phrase match||B,0,0,0,,,0,0,,0,,0,0,
generative ai online course,C,Phrase match,0,0.57,0.61,0,0,FALSE,0,0,0,generative ai online course||Phrase match||C,0,0,0,,,0,0,,0,,0,0,
course on machine learning and artificial intelligence,B,Exact match,0,0.44,1.63,0,0,FALSE,0,0,0,course on machine learning and artificial intelligence||Exact match||B,0,0,0,,,0,0,,0,,0,0,
ai courses for executives,C,Phrase match,0.88,0.88,0.88,4.81443802,90.597558,FALSE,436.1763277,4.236705458,431.9396223,ai courses for executives||Phrase match||C,0,0,0,,,2,0,,0,,1,1,
generative ai stanford course,USA,Phrase match,0,2.22,7.52,0,0,FALSE,0,0,0,generative ai stanford course||Phrase match||USA,0,0,0,,,0,0,,0,,0,0,
ai for executives course,B,Phrase match,1.21,1.21,1.21,3.453613897,100.7557529,FALSE,347.9714683,4.178872815,343.7925955,ai for executives course||Phrase match||B,0,0,0,,,2,0,,0,,1,1,
ai related certifications,B,Exact match,0,0.36,1.11,0,0,FALSE,0,0,0,ai related certifications||Exact match||B,0,0,0,,,0,0,,0,,0,0,
course on machine learning and artificial intelligence,C,Exact match,0,0.4,0.4,0,0,FALSE,0,0,0,course on machine learning and artificial intelligence||Exact match||C,0,0,0,,,0,0,,0,,0,0,
ai courses for executives,USA,Phrase match,0,1.5,36.05,0,-4.12E-11,FALSE,0,0,0,ai courses for executives||Phrase match||USA,0,0,0,,,0,0,,0,,0,0,
generative ai training course,A,Phrase match,0,0.92,11.06,0,0,FALSE,0,0,0,generative ai training course||Phrase match||A,0,0,0,,,0,0,,0,,0,0,
google generative ai course,A,Phrase match,-1.22E-12,3.09,3.79,0,0,FALSE,0,0,0,google generative ai course||Phrase match||A,0,0,0,,,0,0,,0,,0,0,
ai learning course,C,Exact match,0,0.45,1,0,0,FALSE,0,0,0,ai learning course||Exact match||C,0,0,0,,,0,0,,0,,0,0,
generative ai course online,C,Exact match,0.19,0.19,0.19,18.11381386,34.23856458,FALSE,620.1909856,3.441624633,616.7493609,generative ai course online||Exact match||C,0,0,0,,,2,0,,0,,1,1,
generative ai online courses,A,Exact match,0,1.49,2.69,0,0,FALSE,0,0,0,generative ai online courses||Exact match||A,0,0,0,,,0,0,,0,,0,0,
stanford generative ai course,B,Exact match,0,0.96,0.96,0,0,FALSE,0,0,0,stanford generative ai course||Exact match||B,0,0,0,,,0,0,,0,,0,0,
mit generative ai course,C,Exact match,0.12,0.12,1.07,19.65823935,56.19174248,FALSE,1104.630723,2.358988722,1102.271734,mit generative ai course||Exact match||C,0,0,0,,,2,0,,0,,1,1,
generative ai online courses,USA,Phrase match,0,4.47,4.47,0,0,FALSE,0,0,0,generative ai online courses||Phrase match||USA,0,0,0,,,0,0,,0,,0,0,
mit ai class,B,Exact match,0,0.27,6.8,0,0,FALSE,0,0,0,mit ai class||Exact match||B,0,0,0,,,0,0,,0,,0,0,
bootcamp ai,B,Exact match,0,2.48,2.48,0,0,FALSE,0,0,0,bootcamp ai||Exact match||B,0,0,0,,,0,0,,0,,0,0,
ai related certifications,USA,Exact match,0,1.55,25.67,0,0,FALSE,0,0,0,ai related certifications||Exact match||USA,0,0,0,,,0,0,,0,,0,0,
best course on artificial intelligence,USA,Exact match,0,2.66,24.27,0,0,FALSE,0,0,0,best course on artificial intelligence||Exact match||USA,0,0,0,,,0,0,,0,,0,0,
course on machine learning and artificial intelligence,USA,Exact match,0,2.48,8.43,0,0,FALSE,0,0,0,course on machine learning and artificial intelligence||Exact match||USA,0,0,0,,,0,0,,0,,0,0,
best course for artificial intelligence,A,Phrase match,0,1.95,1.95,0,0,FALSE,0,0,0,best course for artificial intelligence||Phrase match||A,0,0,0,,,0,0,,0,,0,0,
courses about ai,A,Exact match,0,0.55,6.18,0,0,FALSE,0,0,0,courses about ai||Exact match||A,0,0,0,,,0,0,,0,,0,0,
artificial intelligence master's degree online,B,Phrase match,-1.57E-12,0.63,2.39,0,0,FALSE,0,0,0,artificial intelligence master's degree online||Phrase match||B,0,0,0,,,0,0,,0,,0,0,
best introduction to artificial intelligence,C,Exact match,0,0.6,0.6,0,0,FALSE,0,0,0,best introduction to artificial intelligence||Exact match||C,0,0,0,,,0,0,,0,,0,0,
ai generated courses,USA,Exact match,0,2.48,20.25,0,0,FALSE,0,0,0,ai generated courses||Exact match||USA,0,0,0,,,0,0,,0,,0,0,
artificial intelligence online program,A,Exact match,0,2.16,6.96,0,0,FALSE,0,0,0,artificial intelligence online program||Exact match||A,0,0,0,,,0,0,,0,,0,0,
online artificial intelligence degree,B,Phrase match,0,0.52,1.68,0,0,FALSE,0,0,0,online artificial intelligence degree||Phrase match||B,0,0,0,,,0,0,,0,,0,0,
executive education ai,B,Phrase match,0.73,0.73,2.18,6.535005537,104.533361,FALSE,683.126093,4.770554042,678.355539,executive education ai||Phrase match||B,0,0,0,,,2,0,,0,,1,1,
best courses on generative ai,C,Phrase match,0,0.26,0.26,0,0,FALSE,0,0,0,best courses on generative ai||Phrase match||C,0,0,0,,,0,0,,0,,0,0,
online artificial intelligence degree,A,Phrase match,0,2.05,3.48,0,0,FALSE,0,0,0,online artificial intelligence degree||Phrase match||A,0,0,0,,,0,0,,0,,0,0,
course generative ai,A,Exact match,0,0.74,7.12,0,-2.15E-11,FALSE,0,0,0,course generative ai||Exact match||A,0,0,0,,,0,0,,0,,0,0,
artificial intelligence master online,B,Phrase match,0,1.52,2.64,0,0,FALSE,0,0,0,artificial intelligence master online||Phrase match||B,0,0,0,,,0,0,,0,,0,0,
best course for artificial intelligence,B,Phrase match,0,0.73,1.62,0,0,FALSE,0,0,0,best course for artificial intelligence||Phrase match||B,0,0,0,,,0,0,,0,,0,0,
ai short course,B,Exact match,0,0.52,0.52,0,0,FALSE,0,0,0,ai short course||Exact match||B,0,0,0,,,0,0,,0,,0,0,
ai for executives course,USA,Phrase match,0,3.18,18.78,0,0,FALSE,0,0,0,ai for executives course||Phrase match||USA,0,0,0,,,0,0,,0,,0,0,
artificial intelligence online program,B,Exact match,0,0.47,3.55,0,0,FALSE,0,0,0,artificial intelligence online program||Exact match||B,0,0,0,,,0,0,,0,,0,0,
ai for managers course,C,Phrase match,0,0.14,0.14,0,0,FALSE,0,0,0,ai for managers course||Phrase match||C,0,0,0,,,0,0,,0,,0,0,
best generative ai course,C,Phrase match,0,0.32,0.32,0,0,FALSE,0,0,0,best generative ai course||Phrase match||C,0,0,0,,,0,0,,0,,0,0,
generative ai stanford course,C,Phrase match,0,0.62,0.62,0,0,FALSE,0,0,0,generative ai stanford course||Phrase match||C,0,0,0,,,0,0,,0,,0,0,
course generator ai,C,Exact match,0,0.21,1.26,0,0,FALSE,0,0,0,course generator ai||Exact match||C,0,0,0,,,0,0,,0,,0,0,
online artificial intelligence degree,USA,Phrase match,0,2.23,9.84,0,0,FALSE,0,0,0,online artificial intelligence degree||Phrase match||USA,0,0,0,,,0,0,,0,,0,0,
stanford online artificial intelligence course,USA,Exact match,0,3.19,17.08,0,0,FALSE,0,0,0,stanford online artificial intelligence course||Exact match||USA,0,0,0,,,0,0,,0,,0,0,
artificial intelligence master's degree online,C,Exact match,0,0.78,0.78,0,0,FALSE,0,0,0,artificial intelligence master's degree online||Exact match||C,0,0,0,,,0,0,,0,,0,0,
machine learning engineer training,USA,Phrase match,0,2.8,4.1,0,0,FALSE,0,0,0,machine learning engineer training||Phrase match||USA,0,0,0,,,0,0,,0,,0,0,
generative ai online course,A,Phrase match,0,0.66,5.56,0,0,FALSE,0,0,0,generative ai online course||Phrase match||A,0,0,0,,,0,0,,0,,0,0,
certification for artificial intelligence,B,Exact match,0.28,0.28,10.45,13.1243969,29.80147551,FALSE,391.1263929,3.674831133,387.4515618,certification for artificial intelligence||Exact match||B,0,0,0,,,2,0,,0,,1,1,
ai for enterprise,A,Phrase match,0,0.74,9.6,0,-1.91E-11,FALSE,0,0,0,ai for enterprise||Phrase match||A,0,0,0,,,0,0,,0,,0,0,
best course on generative ai,A,Exact match,0,1.96,4.03,0,0,FALSE,0,0,0,best course on generative ai||Exact match||A,0,0,0,,,0,0,,0,,0,0,
ai short course,A,Phrase match,0,1.35,4.93,0,0,FALSE,0,0,0,ai short course||Phrase match||A,0,0,0,,,0,0,,0,,0,0,
artificial intelligence summer course,C,Phrase match,0,0.44,0.44,0,0,FALSE,0,0,0,artificial intelligence summer course||Phrase match||C,0,0,0,,,0,0,,0,,0,0,
best ai certification,USA,Phrase match,0,5.82,21.71,0,0,FALSE,0,0,0,best ai certification||Phrase match||USA,0,0,0,,,0,0,,0,,0,0,
generative ai course stanford,USA,Phrase match,0,3.07,16,0,0,FALSE,0,0,0,generative ai course stanford||Phrase match||USA,0,0,0,,,0,0,,0,,0,0,
ai strategy course,USA,Phrase match,0,2.91,23.15,0,0,FALSE,0,0,0,ai strategy course||Phrase match||USA,0,0,0,,,0,0,,0,,0,0,
bootcamp ai,USA,Exact match,0,1.6,23.71,0,7.35E-12,FALSE,0,0,0,bootcamp ai||Exact match||USA,0,0,0,,,0,0,,0,,0,0,
generative ai course mit,A,Phrase match,0,1.1,48.2,0,0,FALSE,0,0,0,generative ai course mit||Phrase match||A,0,0,0,,,0,0,,0,,0,0,
artificial intelligence workshop,USA,Exact match,0,3.65,8.87,0,0,FALSE,0,0,0,artificial intelligence workshop||Exact match||USA,0,0,0,,,0,0,,0,,0,0,
mit artificial intelligence course,B,Exact match,0,0.26,25.99,0,0,FALSE,0,0,0,mit artificial intelligence course||Exact match||B,0,0,0,,,0,0,,0,,0,0,
bootcamp ai,C,Phrase match,0,0.48,0.48,0,0,FALSE,0,0,0,bootcamp ai||Phrase match||C,0,0,0,,,0,0,,0,,0,0,
best courses on generative ai,A,Exact match,0,0.38,1.65,0,0,FALSE,0,0,0,best courses on generative ai||Exact match||A,0,0,0,,,0,0,,0,,0,0,
best course for artificial intelligence,A,Exact match,0,1.56,3.74,0,0,FALSE,0,0,0,best course for artificial intelligence||Exact match||A,0,0,0,,,0,0,,0,,0,0,
ai courses for executives,B,Phrase match,0,3.29,3.29,0,0,FALSE,0,0,0,ai courses for executives||Phrase match||B,0,0,0,,,0,0,,0,,0,0,
artificial intelligence master online,B,Exact match,0.01,0.01,1.86,19.06586115,23.92028947,FALSE,456.0609176,0.190658611,455.870259,artificial intelligence master online||Exact match||B,0,0,0,,,2,0,,0,,1,1,
stanford generative ai course,USA,Phrase match,0,3.45,6.73,0,0,FALSE,0,0,0,stanford generative ai course||Phrase match||USA,0,0,0,,,0,0,,0,,0,0,
course in generative ai,USA,Exact match,0,2.78,21.82,0,0,FALSE,0,0,0,course in generative ai||Exact match||USA,0,0,0,,,0,0,,0,,0,0,
best ai classes online,USA,Exact match,0,4.14,11.61,0,0,FALSE,0,0,0,best ai classes online||Exact match||USA,0,0,0,,,0,0,,0,,0,0,
ai for executives course,USA,Exact match,0,3.68,7.18,0,0,FALSE,0,0,0,ai for executives course||Exact match||USA,0,0,0,,,0,0,,0,,0,0,
ai for executives course,A,Exact match,0,10.25,10.25,0,0,FALSE,0,0,0,ai for executives course||Exact match||A,0,0,0,,,0,0,,0,,0,0,
course in generative ai,B,Phrase match,0.26,0.26,2.66,13.80635029,45.43019403,FALSE,627.2251727,3.589651076,623.6355216,course in generative ai||Phrase match||B,0,0,0,,,2,0,,0,,1,1,
best courses on artificial intelligence,B,Exact match,0,0.31,0.31,0,0,FALSE,0,0,0,best courses on artificial intelligence||Exact match||B,0,0,0,,,0,0,,0,,0,0,
ai short course,USA,Exact match,0,8.83,8.83,0,0,FALSE,0,0,0,ai short course||Exact match||USA,0,0,0,,,0,0,,0,,0,0,
best course on generative ai,USA,Phrase match,0,5.53,12.45,0,0,FALSE,0,0,0,best course on generative ai||Phrase match||USA,0,0,0,,,0,0,,0,,0,0,
ai certification classes,USA,Exact match,0,1.69,9.95,0,0,FALSE,0,0,0,ai certification classes||Exact match||USA,0,0,0,,,0,0,,0,,0,0,
best course on artificial intelligence,B,Exact match,0,0.28,14.57,0,0,FALSE,0,0,0,best course on artificial intelligence||Exact match||B,0,0,0,,,0,0,,0,,0,0,
professional certificate program in machine learning and artificial intelligence,USA,Exact match,5.64E-12,6.17,8.46,0,0,FALSE,0,0,0,professional certificate program in machine learning and artificial intelligence||Exact match||USA,0,0,0,,,2,0,,0,,1,0,
course generator ai,A,Phrase match,0,0.38,1.68,0,0,FALSE,0,0,0,course generator ai||Phrase match||A,0,0,0,,,0,0,,0,,0,0,
ai for enterprise,USA,Exact match,0,15.25,15.25,0,0,FALSE,0,0,0,ai for enterprise||Exact match||USA,0,0,0,,,0,0,,0,,0,0,
what to study to become artificial intelligence engineer,USA,Phrase match,0,4.16,11.26,0,0,FALSE,0,0,0,what to study to become artificial intelligence engineer||Phrase match||USA,0,0,0,,,0,0,,0,,0,0,
artificial intelligence summer course,USA,Exact match,0,4.39,11.01,0,0,FALSE,0,0,0,artificial intelligence summer course||Exact match||USA,0,0,0,,,0,0,,0,,0,0,
course in generative ai,A,Exact match,0,1.1,3.15,0,0,FALSE,0,0,0,course in generative ai||Exact match||A,0,0,0,,,0,0,,0,,0,0,
best introduction to artificial intelligence,A,Exact match,0,0.8,4.84,0,0,FALSE,0,0,0,best introduction to artificial intelligence||Exact match||A,0,0,0,,,0,0,,0,,0,0,
online ai and ml courses,USA,Exact match,0,6.23,47.52,0,0,FALSE,0,0,0,online ai and ml courses||Exact match||USA,0,0,0,,,0,0,,0,,0,0,
generative ai courses online,B,Phrase match,0.37,0.37,1.39,12.70290223,64.08437832,FALSE,814.0575923,4.700073825,809.3575185,generative ai courses online||Phrase match||B,0,0,0,,,2,0,,0,,1,1,
artificial intelligence for engineering,A,Exact match,0,0.89,0.89,0,0,FALSE,0,0,0,artificial intelligence for engineering||Exact match||A,0,0,0,,,0,0,,0,,0,0,
ai for managers course,USA,Exact match,0,2.33,18.43,0,0,FALSE,0,0,0,ai for managers course||Exact match||USA,0,0,0,,,0,0,,0,,0,0,
ai learning course,A,Exact match,0,1.05,35.24,0,0,FALSE,0,0,0,ai learning course||Exact match||A,0,0,0,,,0,0,,0,,0,0,
ai courses for executives,B,Exact match,0,1.33,1.33,0,0,FALSE,0,0,0,ai courses for executives||Exact match||B,0,0,0,,,0,0,,0,,0,0,
course generator ai,A,Exact match,0,1.08,1.19,0,0,FALSE,0,0,0,course generator ai||Exact match||A,0,0,0,,,0,0,,0,,0,0,
ai for engineering,A,Exact match,0,1.43,1.43,0,0,FALSE,0,0,0,ai for engineering||Exact match||A,0,0,0,,,0,0,,0,,0,0,
course generator ai,B,Exact match,0,0.38,0.49,0,0,FALSE,0,0,0,course generator ai||Exact match||B,0,0,0,,,0,0,,0,,0,0,
ai certification courses,A,Exact match,0,1.77,2.66,0,0,FALSE,0,0,0,ai certification courses||Exact match||A,0,0,0,,,0,0,,0,,0,0,
ai for managers course,A,Exact match,0,1.32,5.35,0,0,FALSE,0,0,0,ai for managers course||Exact match||A,0,0,0,,,0,0,,0,,0,0,
ai for business,B,Exact match,0,0.33,1.06,0,0,FALSE,0,0,0,ai for business||Exact match||B,0,0,0,,,0,0,,0,,0,0,
stanford online artificial intelligence course,A,Exact match,-1.19E-12,2.54,2.81,0,0,FALSE,0,0,0,stanford online artificial intelligence course||Exact match||A,0,0,0,,,0,0,,0,,0,0,
best course for artificial intelligence,B,Exact match,0,0.33,0.76,0,0,FALSE,0,0,0,best course for artificial intelligence||Exact match||B,0,0,0,,,0,0,,0,,0,0,
best generative ai course,A,Phrase match,0,0.68,2.35,0,0,FALSE,0,0,0,best generative ai course||Phrase match||A,0,0,0,,,0,0,,0,,0,0,
artificial intelligence for engineering,USA,Exact match,0,3.8,8.46,0,0,FALSE,0,0,0,artificial intelligence for engineering||Exact match||USA,0,0,0,,,0,0,,0,,0,0,
ai for engineers,A,Exact match,0,1.79,1.79,0,0,FALSE,0,0,0,ai for engineers||Exact match||A,0,0,0,,,0,0,,0,,0,0,
online artificial intelligence degree,A,Exact match,0,1.85,1.99,0,0,FALSE,0,0,0,online artificial intelligence degree||Exact match||A,0,0,0,,,0,0,,0,,0,0,
ai certification mit,B,Exact match,0,2.75,14.66,0,0,FALSE,0,0,0,ai certification mit||Exact match||B,0,0,0,,,0,0,,0,,0,0,
artificial intelligence specialist certification,B,Exact match,0,1.57,1.57,0,0,FALSE,0,0,0,artificial intelligence specialist certification||Exact match||B,0,0,0,,,0,0,,0,,0,0,
best generative ai course,A,Exact match,0,0.42,2.55,0,0,FALSE,0,0,0,best generative ai course||Exact match||A,0,0,0,,,0,0,,0,,0,0,
artificial intelligence for engineers,B,Exact match,0,0.44,1.75,0,0,FALSE,0,0,0,artificial intelligence for engineers||Exact match||B,0,0,0,,,0,0,,0,,0,0,
executive education ai,USA,Exact match,0,7.46,19.65,0,0,FALSE,0,0,0,executive education ai||Exact match||USA,0,0,0,,,0,0,,0,,0,0,
best generative ai course,B,Exact match,0,0.67,0.67,0,0,FALSE,0,0,0,best generative ai course||Exact match||B,0,0,0,,,0,0,,0,,0,0,
artificial intelligence bootcamp online,USA,Phrase match,0,2.38,2.38,0,0,FALSE,0,0,0,artificial intelligence bootcamp online||Phrase match||USA,0,0,0,,,0,0,,0,,0,0,
graduate certificate artificial intelligence,USA,Exact match,0,6.91,6.91,0,0,FALSE,0,0,0,graduate certificate artificial intelligence||Exact match||USA,0,0,0,,,0,0,,0,,0,0,
ai for enterprise,B,Phrase match,0.49,0.49,0.82,8.073626897,47.54972531,FALSE,383.8987412,3.956077179,379.9426641,ai for enterprise||Phrase match||B,0,0,0,,,2,0,,0,,1,1,
ai for engineering,USA,Exact match,0,7.33,11.1,0,0,FALSE,0,0,0,ai for engineering||Exact match||USA,0,0,0,,,0,0,,0,,0,0,
ai for engineers,USA,Exact match,0,9.74,9.74,0,0,FALSE,0,0,0,ai for engineers||Exact match||USA,0,0,0,,,0,0,,0,,0,0,
executive education ai,A,Exact match,0,4.86,4.86,0,0,FALSE,0,0,0,executive education ai||Exact match||A,0,0,0,,,0,0,,0,,0,0,
best courses on generative ai,B,Phrase match,0,0.33,3.85,0,0,FALSE,0,0,0,best courses on generative ai||Phrase match||B,0,0,0,,,0,0,,0,,0,0,
ai for executives course,C,Phrase match,7.70E-12,2.59,2.62,0,0,FALSE,0,0,0,ai for executives course||Phrase match||C,0,0,0,,,2,0,,0,,1,0,
generative ai online course,C,Exact match,0,4.5,4.5,0,0,FALSE,0,0,0,generative ai online course||Exact match||C,0,0,0,,,0,0,,0,,0,0,
best courses on generative ai,C,Exact match,0,2.16,3.13,0,0,FALSE,0,0,0,best courses on generative ai||Exact match||C,0,0,0,,,0,0,,0,,0,0,
best generative ai course,C,Exact match,0,0.85,1.85,0,0,FALSE,0,0,0,best generative ai course||Exact match||C,0,0,0,,,0,0,,0,,0,0,
artificial intelligence master online,C,Phrase match,0,1.56,5.23,0,0,FALSE,0,0,0,artificial intelligence master online||Phrase match||C,0,0,0,,,0,0,,0,,0,0,
ai for executives course,B,Exact match,0,4.31,4.31,0,0,FALSE,0,0,0,ai for executives course||Exact match||B,0,0,0,,,0,0,,0,,0,0,
professional certificate program in machine learning and artificial intelligence,C,Phrase match,0,1.96,1.96,0,0,FALSE,0,0,0,professional certificate program in machine learning and artificial intelligence||Phrase match||C,0,0,0,,,0,0,,0,,0,0,
courses in generative ai,A,Phrase match,0,3.26,26.11,0,0,FALSE,0,0,0,courses in generative ai||Phrase match||A,0,0,0,,,0,0,,0,,0,0,
northeastern university artificial intelligence,USA,Exact match,0,15.3,15.3,0,0,FALSE,0,0,0,northeastern university artificial intelligence||Exact match||USA,0,0,0,,,0,0,,0,,0,0,
ai strategy course,USA,Exact match,0,10.92,10.92,0,0,FALSE,0,0,0,ai strategy course||Exact match||USA,0,0,0,,,0,0,,0,,0,0,
mit xpro ai,USA,Phrase match,0,7.4,15.06,0,0,FALSE,0,0,0,mit xpro ai||Phrase match||USA,0,0,0,,,0,0,,0,,0,0,
driving innovation with generative ai mit,USA,Phrase match,0,5.61,42.41,0,0,FALSE,0,0,0,driving innovation with generative ai mit||Phrase match||USA,0,0,0,,,0,0,,0,,0,0,
generative ai certificate course,A,Exact match,0,1.34,16.85,0,0,FALSE,0,0,0,generative ai certificate course||Exact match||A,0,0,0,,,0,0,,0,,0,0,
prompt engineering course,B,Exact match,-1.71E-12,0.38,22.36,0,2.77E-15,FALSE,0,0,0,prompt engineering course||Exact match||B,0,0,0,,,0,0,,0,,0,0,
introduction to generative ai,B,Exact match,0.27,0.27,22.75,13.53711198,28.08807233,FALSE,380.2313804,3.655020234,376.5763602,introduction to generative ai||Exact match||B,0,0,0,,,2,0,,0,,1,1,
prompt engineering course,A,Exact match,0,1.43,94.69,0,7.96E-12,FALSE,0,0,0,prompt engineering course||Exact match||A,0,0,0,,,0,0,,0,,0,0,
best ai courses 2025,B,Exact match,0,19.49,19.49,0,0,FALSE,0,0,0,best ai courses 2025||Exact match||B,0,0,0,,,0,0,,0,,0,0,
ai prompt engineering course,B,Exact match,0.26,0.26,16.6,15.03114685,47.90143428,FALSE,720.013493,3.908098181,716.1053949,ai prompt engineering course||Exact match||B,0,0,0,,,2,0,,0,,1,1,
designing and building ai products and services,USA,Exact match,0,4.28,30.06,0,0,FALSE,0,0,0,designing and building ai products and services||Exact match||USA,0,0,0,,,0,0,,0,,0,0,
harvard ai course,USA,Exact match,0,1.86,13.44,0,0,FALSE,0,0,0,harvard ai course||Exact match||USA,0,0,0,,,0,0,,0,,0,0,
coursera generative ai,USA,Exact match,0,1.66,11.79,0,0,FALSE,0,0,0,coursera generative ai||Exact match||USA,0,0,0,,,0,0,,0,,0,0,
generative ai course online,B,Exact match,0,10.83,10.83,0,0,FALSE,0,0,0,generative ai course online||Exact match||B,0,0,0,,,0,0,,0,,0,0,
prompt engineering course,USA,Exact match,0,1.94,15.37,0,0,FALSE,0,0,0,prompt engineering course||Exact match||USA,0,0,0,,,0,0,,0,,0,0,
no code ai and machine learning building data science solutions,USA,Exact match,0,3.88,48.42,0,0,FALSE,0,0,0,no code ai and machine learning building data science solutions||Exact match||USA,0,0,0,,,0,0,,0,,0,0,
ai prompt engineering course,USA,Exact match,0,3.47,11.09,0,0,FALSE,0,0,0,ai prompt engineering course||Exact match||USA,0,0,0,,,0,0,,0,,0,0,
artificial intelligence certification mit,A,Exact match,0,1.41,21.35,0,0,FALSE,0,0,0,artificial intelligence certification mit||Exact match||A,0,0,0,,,0,0,,0,,0,0,
harvard ai course,A,Exact match,0,0.66,8.68,0,0,FALSE,0,0,0,harvard ai course||Exact match||A,0,0,0,,,0,0,,0,,0,0,
artificial intelligence certification mit,USA,Exact match,0,3.48,18.72,0,0,FALSE,0,0,0,artificial intelligence certification mit||Exact match||USA,0,0,0,,,0,0,,0,,0,0,
large language model course,USA,Exact match,0,2.19,19.57,0,0,FALSE,0,0,0,large language model course||Exact match||USA,0,0,0,,,0,0,,0,,0,0,
introduction to generative ai,USA,Exact match,0,1.76,9.97,0,0,FALSE,0,0,0,introduction to generative ai||Exact match||USA,0,0,0,,,0,0,,0,,0,0,
generative ai certificate course,USA,Exact match,0,3.25,31.29,0,0,FALSE,0,0,0,generative ai certificate course||Exact match||USA,0,0,0,,,0,0,,0,,0,0,
generative ai online program,USA,Exact match,0,3.84,6.37,0,4.53E-12,FALSE,0,0,0,generative ai online program||Exact match||USA,0,0,0,,,0,0,,0,,0,0,
driving innovation with ai,USA,Exact match,0,6.39,34.78,0,0,FALSE,0,0,0,driving innovation with ai||Exact match||USA,0,0,0,,,0,0,,0,,0,0,
ai executive education,A,Exact match,0,19.79,27.79,0,0,FALSE,0,0,0,ai executive education||Exact match||A,0,0,0,,,0,0,,0,,0,0,
no code ai and machine learning building data science solutions,B,Exact match,0,0.79,14,0,0,FALSE,0,0,0,no code ai and machine learning building data science solutions||Exact match||B,0,0,0,,,0,0,,0,,0,0,
ai graphic design course,B,Exact match,0,0.63,3.21,0,0,FALSE,0,0,0,ai graphic design course||Exact match||B,0,0,0,,,0,0,,0,,0,0,
ai graphic design course,USA,Exact match,0,4.13,10.32,0,0,FALSE,0,0,0,ai graphic design course||Exact match||USA,0,0,0,,,0,0,,0,,0,0,
no code ai and machine learning building data science solutions,A,Exact match,0,2.86,16,0,0,FALSE,0,0,0,no code ai and machine learning building data science solutions||Exact match||A,0,0,0,,,0,0,,0,,0,0,
driving innovation with ai,B,Exact match,1.85,1.85,1.85,1.975506264,353.7164617,FALSE,698.7690857,3.654686588,695.1143991,driving innovation with ai||Exact match||B,0,0,0,,,2,0,,0,,1,1,
harvard ai course,B,Exact match,0,0.15,6.33,0,-2.48E-11,FALSE,0,0,0,harvard ai course||Exact match||B,0,0,0,,,0,0,,0,,0,0,
generative ai certificate program,USA,Exact match,0,4.91,33.87,0,0,FALSE,0,0,0,generative ai certificate program||Exact match||USA,0,0,0,,,0,0,,0,,0,0,
large language model course,A,Exact match,0,0.32,4.85,0,0,FALSE,0,0,0,large language model course||Exact match||A,0,0,0,,,0,0,,0,,0,0,
introduction to generative ai,A,Exact match,0,1.2,10.27,0,0,FALSE,0,0,0,introduction to generative ai||Exact match||A,0,0,0,,,0,0,,0,,0,0,
generative ai certificate program,A,Exact match,-3.61E-12,1.37,16.76,0,0,FALSE,0,0,0,generative ai certificate program||Exact match||A,0,0,0,,,0,0,,0,,0,0,
artificial intelligence certification mit,B,Exact match,0,0.28,13.07,0,0,FALSE,0,0,0,artificial intelligence certification mit||Exact match||B,0,0,0,,,0,0,,0,,0,0,
ai upskilling programs,B,Exact match,1.05,1.05,1.05,4.748044969,280.4275899,FALSE,1331.482808,4.985447218,1326.49736,ai upskilling programs||Exact match||B,0,0,0,,,2,0,,0,,1,1,
best ai courses 2025,A,Exact match,0,2.84,2.84,0,0,FALSE,0,0,0,best ai courses 2025||Exact match||A,0,0,0,,,0,0,,0,,0,0,
driving innovation with ai,A,Exact match,0.98,0.98,7.58,4.107383146,347.5610103,FALSE,1427.566236,4.025235483,1423.541001,driving innovation with ai||Exact match||A,0,0,0,,,2,0,,0,,1,1,
large language model course,B,Exact match,0,0.23,3.92,0,0,FALSE,0,0,0,large language model course||Exact match||B,0,0,0,,,0,0,,0,,0,0,
generative ai fundamentals course,B,Exact match,0,0.9,5.32,0,0,FALSE,0,0,0,generative ai fundamentals course||Exact match||B,0,0,0,,,0,0,,0,,0,0,
ai for product managers,B,Exact match,1.21,1.21,2.06,1.998630391,123.0373635,FALSE,245.9062139,2.418342773,243.4878711,ai for product managers||Exact match||B,0,0,0,,,2,0,,0,,1,1,
ai course for business leaders,B,Exact match,0,0.72,8.31,0,-2.04E-11,FALSE,0,0,0,ai course for business leaders||Exact match||B,0,0,0,,,0,0,,0,,0,0,
best online courses for learning generative ai,B,Exact match,0,3.23,3.23,0,0,FALSE,0,0,0,best online courses for learning generative ai||Exact match||B,0,0,0,,,0,0,,0,,0,0,
best online courses for learning generative ai,USA,Exact match,0,5.63,14.75,0,0,FALSE,0,0,0,best online courses for learning generative ai||Exact match||USA,0,0,0,,,0,0,,0,,0,0,
ai executive education,B,Exact match,1.02,1.02,2.02,4.308225954,149.1758392,FALSE,642.6832223,4.394390473,638.2888318,ai executive education||Exact match||B,0,0,0,,,2,0,,0,,1,1,
generative ai foundations course,A,Exact match,0,2.81,6.83,0,-2.96E-11,FALSE,0,0,0,generative ai foundations course||Exact match||A,0,0,0,,,0,0,,0,,0,0,
designing and building ai products and services,B,Exact match,0,0.88,11.43,0,0,FALSE,0,0,0,designing and building ai products and services||Exact match||B,0,0,0,,,0,0,,0,,0,0,
coursera generative ai,B,Exact match,0.41,0.41,1.29,11.86918283,90.56417147,FALSE,1074.922709,4.86636496,1070.056344,coursera generative ai||Exact match||B,0,0,0,,,2,0,,0,,1,1,
generative ai certificate course,B,Exact match,0,1.14,6.78,0,0,FALSE,0,0,0,generative ai certificate course||Exact match||B,0,0,0,,,0,0,,0,,0,0,
mba in ai,USA,Exact match,0,4.49,15.91,0,0,FALSE,0,0,0,mba in ai||Exact match||USA,0,0,0,,,0,0,,0,,0,0,
designing and building ai products and services,A,Exact match,0,2.5,23.68,0,0,FALSE,0,0,0,designing and building ai products and services||Exact match||A,0,0,0,,,0,0,,0,,0,0,
controllable video generation,USA,Exact match,0,2.46,2.46,0,0,FALSE,0,0,0,controllable video generation||Exact match||USA,0,0,0,,,0,0,,0,,0,0,
generative ai fundamentals course,USA,Exact match,0,5.36,6.19,0,0,FALSE,0,0,0,generative ai fundamentals course||Exact match||USA,0,0,0,,,0,0,,0,,0,0,
ai for product managers,USA,Exact match,0,6.68,6.84,0,0,FALSE,0,0,0,ai for product managers||Exact match||USA,0,0,0,,,0,0,,0,,0,0,
ai prompt engineering course,A,Exact match,0,2.29,14.15,0,-3.36E-11,FALSE,0,0,0,ai prompt engineering course||Exact match||A,0,0,0,,,0,0,,0,,0,0,
generative ai certificate program,B,Exact match,0,0.39,2.8,0,0,FALSE,0,0,0,generative ai certificate program||Exact match||B,0,0,0,,,0,0,,0,,0,0,
generative ai course for business leaders,USA,Exact match,0,3.93,3.93,0,0,FALSE,0,0,0,generative ai course for business leaders||Exact match||USA,0,0,0,,,0,0,,0,,0,0,
best online courses for learning generative ai,A,Exact match,0,2.54,2.57,0,0,FALSE,0,0,0,best online courses for learning generative ai||Exact match||A,0,0,0,,,0,0,,0,,0,0,
generative ai online program,B,Exact match,0,0.79,0.79,0,0,FALSE,0,0,0,generative ai online program||Exact match||B,0,0,0,,,0,0,,0,,0,0,
ai innovation course,A,Exact match,0,3.09,6.19,0,-4.04E-11,FALSE,0,0,0,ai innovation course||Exact match||A,0,0,0,,,0,0,,0,,0,0,
ai graphic design course,A,Exact match,0,1.57,4.26,0,0,FALSE,0,0,0,ai graphic design course||Exact match||A,0,0,0,,,0,0,,0,,0,0,
mba in ai,B,Exact match,0,1.89,1.89,0,0,FALSE,0,0,0,mba in ai||Exact match||B,0,0,0,,,0,0,,0,,0,0,
generative ai online program,A,Exact match,0,3.53,3.53,0,0,FALSE,0,0,0,generative ai online program||Exact match||A,0,0,0,,,0,0,,0,,0,0,
learning chatgpt,USA,Broad match,0,2.01,10.72,0,0,FALSE,0,0,0,learning chatgpt||Broad match||USA,0,0,0,,,0,0,,0,,0,0,
mit xpro designing and building ai products and services,USA,Broad match,0,3.24,29.36,0,7.03E-12,FALSE,0,0,0,mit xpro designing and building ai products and services||Broad match||USA,0,0,0,,,0,0,,0,,0,0,
ai class,USA,Broad match,0,1.78,9.74,0,0,FALSE,0,0,0,ai class||Broad match||USA,0,0,0,,,0,0,,0,,0,0,
mit ai course,USA,Broad match,0,2.59,15.65,0,0,FALSE,0,0,0,mit ai course||Broad match||USA,0,0,0,,,0,0,,0,,0,0,
mit ai certificate,USA,Exact match,0,3.01,18.52,0,0,FALSE,0,0,0,mit ai certificate||Exact match||USA,0,0,0,,,0,0,,0,,0,0,
mit ai program,USA,Broad match,0,5.65,8.8,0,0,FALSE,0,0,0,mit ai program||Broad match||USA,0,0,0,,,0,0,,0,,0,0,
ai certificate programs,USA,Broad match,0,1.13,27.59,0,0,FALSE,0,0,0,ai certificate programs||Broad match||USA,0,0,0,,,0,0,,0,,0,0,
best ai certification,USA,Broad match,0,1.2,9.76,0,0,FALSE,0,0,0,best ai certification||Broad match||USA,0,0,0,,,0,0,,0,,0,0,
generative ai certification,USA,Broad match,0,1.1,10.21,0,0,FALSE,0,0,0,generative ai certification||Broad match||USA,0,0,0,,,0,0,,0,,0,0,
gen ai courses,USA,Broad match,0,1.47,9.33,0,0,FALSE,0,0,0,gen ai courses||Broad match||USA,0,0,0,,,0,0,,0,,0,0,
stanford ai certificate,USA,Exact match,0,3.5,15.51,0,0,FALSE,0,0,0,stanford ai certificate||Exact match||USA,0,0,0,,,0,0,,0,,0,0,
harvard ai certificate,USA,Exact match,0,3.51,9.97,0,0,FALSE,0,0,0,harvard ai certificate||Exact match||USA,0,0,0,,,0,0,,0,,0,0,
stanford ai professional program,USA,Broad match,0,1.78,8.66,0,0,FALSE,0,0,0,stanford ai professional program||Broad match||USA,0,0,0,,,0,0,,0,,0,0,
mit ai course,A,Broad match,0,1.8,16.45,0,0,FALSE,0,0,0,mit ai course||Broad match||A,0,0,0,,,0,0,,0,,0,0,
mit ai courses,A,Broad match,0,0.47,13.49,0,0,FALSE,0,0,0,mit ai courses||Broad match||A,0,0,0,,,0,0,,0,,0,0,
best ai courses,B,Broad match,0,0.58,2.63,0,0,FALSE,0,0,0,best ai courses||Broad match||B,0,0,0,,,0,0,,0,,0,0,
learn prompt engineering,B,Broad match,0,0.09,1.55,0,-1.54E-11,FALSE,0,0,0,learn prompt engineering||Broad match||B,0,0,0,,,0,0,,0,,0,0,
mit applied generative ai,USA,Broad match,0,3.01,16.82,0,0,FALSE,0,0,0,mit applied generative ai||Broad match||USA,0,0,0,,,0,0,,0,,0,0,
ai diploma,A,Broad match,0,0.69,5.07,0,0,FALSE,0,0,0,ai diploma||Broad match||A,0,0,0,,,0,0,,0,,0,0,
online ai training courses,B,Broad match,0,0.38,1.02,0,0,FALSE,0,0,0,online ai training courses||Broad match||B,0,0,0,,,0,0,,0,,0,0,
mit generative ai,B,Broad match,0.46,0.46,4.96,8.260026431,56.40313001,FALSE,465.8913446,3.799612158,462.0917325,mit generative ai||Broad match||B,0,0,0,,,2,0,,0,,1,1,
mit ai courses,USA,Exact match,0,1.3,22.97,0,0,FALSE,0,0,0,mit ai courses||Exact match||USA,0,0,0,,,0,0,,0,,0,0,
generative ai crash course,B,Exact match,0.47,0.47,0.47,6.906951264,358.5965141,FALSE,2476.808646,3.246267094,2473.562379,generative ai crash course||Exact match||B,0,0,0,,,2,0,,0,,1,1,
best prompting courses,B,Broad match,0,0.06,2.02,0,-2.48E-11,FALSE,0,0,0,best prompting courses||Broad match||B,0,0,0,,,0,0,,0,,0,0,
ai for business leaders,B,Exact match,0,0.71,0.71,0,0,FALSE,0,0,0,ai for business leaders||Exact match||B,0,0,0,,,0,0,,0,,0,0,
mit,USA,Broad match,0,3.3,11.77,0,0,FALSE,0,0,0,mit||Broad match||USA,0,0,0,,,0,0,,0,,0,0,
applied gen ai for digital transformation mit,B,Broad match,0,0.19,4.79,0,0,FALSE,0,0,0,applied gen ai for digital transformation mit||Broad match||B,0,0,0,,,0,0,,0,,0,0,
mitx,USA,Broad match,0,2.12,17.29,0,0,FALSE,0,0,0,mitx||Broad match||USA,0,0,0,,,0,0,,0,,0,0,
google's introduction to generative ai,USA,Broad match,0,1.47,9.3,0,0,FALSE,0,0,0,google's introduction to generative ai||Broad match||USA,0,0,0,,,0,0,,0,,0,0,
stanford agentic ai course,USA,Broad match,0,2,11.61,0,0,FALSE,0,0,0,stanford agentic ai course||Broad match||USA,0,0,0,,,0,0,,0,,0,0,
designing ai products and services,B,Broad match,0,0.16,1.33,0,0,FALSE,0,0,0,designing ai products and services||Broad match||B,0,0,0,,,0,0,,0,,0,0,
driving innovation with ai mit xpro,A,Exact match,0.81,0.81,0.81,4.801929912,282.0908261,FALSE,1354.580376,3.889563229,1350.690813,driving innovation with ai mit xpro||Exact match||A,0,0,0,,,2,0,,0,,1,1,
ai for executives,B,Exact match,0,1.45,1.45,0,0,FALSE,0,0,0,ai for executives||Exact match||B,0,0,0,,,0,0,,0,,0,0,
genai for digital transformation,USA,Exact match,0,5.38,10.86,0,0,FALSE,0,0,0,genai for digital transformation||Exact match||USA,0,0,0,,,0,0,,0,,0,0,
executive education ai,B,Exact match,1.05,1.05,1.05,4.900604153,97.88906473,FALSE,479.7155571,5.14563436,474.5699228,executive education ai||Exact match||B,0,0,0,,,2,0,,0,,1,1,
generative ai foundations course,USA,Exact match,0,2.69,5.86,0,0,FALSE,0,0,0,generative ai foundations course||Exact match||USA,0,0,0,,,0,0,,0,,0,0,
genai for digital transformation,A,Exact match,0,3.57,8.09,0,0,FALSE,0,0,0,genai for digital transformation||Exact match||A,0,0,0,,,0,0,,0,,0,0,
driving innovation with ai mit xpro,USA,Exact match,2.64,2.64,34.64,1.116597714,272.1562736,FALSE,303.8890728,2.947817964,300.9412549,driving innovation with ai mit xpro||Exact match||USA,0,0,0,,,2,0,,0,,1,1,
generative ai fundamentals course,A,Exact match,0,3.8,3.8,0,0,FALSE,0,0,0,generative ai fundamentals course||Exact match||A,0,0,0,,,0,0,,0,,0,0,
prompt engineering course,B,Phrase match,0,1.99,1.99,0,0,FALSE,0,0,0,prompt engineering course||Phrase match||B,0,0,0,,,0,0,,0,,0,0,
online generative ai course,B,Phrase match,0,1.38,1.38,0,0,FALSE,0,0,0,online generative ai course||Phrase match||B,0,0,0,,,0,0,,0,,0,0,
mit generative ai course,USA,Broad match,0,1.06,8.47,0,0,FALSE,0,0,0,mit generative ai course||Broad match||USA,0,0,0,,,0,0,,0,,0,0,
prompt engineering course,A,Phrase match,-1.81E-12,0.76,1.44,0,0,FALSE,0,0,0,prompt engineering course||Phrase match||A,0,0,0,,,0,0,,0,,0,0,
generative ai certification online,A,Phrase match,0,1.6,3.54,0,0,FALSE,0,0,0,generative ai certification online||Phrase match||A,0,0,0,,,0,0,,0,,0,0,
generative ai for business,B,Exact match,0,0.63,0.63,0,0,FALSE,0,0,0,generative ai for business||Exact match||B,0,0,0,,,0,0,,0,,0,0,
generative ai online training,USA,Phrase match,0,0.9,6.09,0,0,FALSE,0,0,0,generative ai online training||Phrase match||USA,0,0,0,,,0,0,,0,,0,0,
generative ai course mit,A,Broad match,0,0.85,0.85,0,0,FALSE,0,0,0,generative ai course mit||Broad match||A,0,0,0,,,0,0,,0,,0,0,
mit generative ai course,A,Broad match,0,1.09,1.09,0,0,FALSE,0,0,0,mit generative ai course||Broad match||A,0,0,0,,,0,0,,0,,0,0,
generative ai fundamentals,A,Exact match,7.95E-12,2.42,2.54,0,0,FALSE,0,0,0,generative ai fundamentals||Exact match||A,0,0,0,,,2,0,,0,,1,0,
mit xpro ai course,A,Exact match,0,0.82,2.37,0,0,FALSE,0,0,0,mit xpro ai course||Exact match||A,0,0,0,,,0,0,,0,,0,0,
professional ai certificate,A,Phrase match,0,2.1,2.1,0,0,FALSE,0,0,0,professional ai certificate||Phrase match||A,0,0,0,,,0,0,,0,,0,0,
generative ai course mit,B,Broad match,0,0.9,0.9,0,0,FALSE,0,0,0,generative ai course mit||Broad match||B,0,0,0,,,0,0,,0,,0,0,
mit generative ai course,B,Broad match,0.65,0.65,0.65,6.71404058,69.2886101,FALSE,465.2065399,4.364126377,460.8424136,mit generative ai course||Broad match||B,0,0,0,,,2,0,,0,,1,1,
generative ai certification online,B,Phrase match,0,0.69,0.69,0,0,FALSE,0,0,0,generative ai certification online||Phrase match||B,0,0,0,,,0,0,,0,,0,0,
mit ai course,A,Phrase match,0,0.56,1.16,0,0,FALSE,0,0,0,mit ai course||Phrase match||A,0,0,0,,,0,0,,0,,0,0,"out of active, overpredicted clicks (%)"
,,,,,,,,,,,,,,,,,,,,,,,103,97,94.17475728
