keyword,region,match_type,lb,ub,source,nn_keyword,nn_region,nn_match_type,nn_hist_min,nn_hist_max,cosine_sim,tier
generative ai certificate course,usa,broad match,0.69,23.82,exact,generative ai certificate course,usa,broad match,0.69,23.82,,
generative ai fundamentals course,usa,broad match,0.54,28.59,exact,generative ai fundamentals course,usa,broad match,0.54,28.59,,
generative ai online course,usa,broad match,0.43,34.1,exact,generative ai online course,usa,broad match,0.43,34.1,,
generative ai online program,usa,broad match,0.35,17.35,exact,generative ai online program,usa,broad match,0.35,17.35,,
generative ai certificate program,usa,broad match,0.87,29.69,exact,generative ai certificate program,usa,broad match,0.87,29.69,,
generative ai foundations course,usa,broad match,0.65,14.98,exact,generative ai foundations course,usa,broad match,0.65,14.98,,
mit generative ai certificate,usa,broad match,0.7577640417151352,25.859786664968237,nearest_neighbor,generative ai certificate program,usa,broad match,0.87,29.69,0.8709931513967072,same_region_and_match
generative ai certification online,usa,broad match,0.24,4.63,exact,generative ai certification online,usa,broad match,0.24,4.63,,
online course generative ai,usa,broad match,0.62,3.61,exact,online course generative ai,usa,broad match,0.62,3.61,,
professional ai certificate,usa,phrase match,0.41,4.43,exact,professional ai certificate,usa,phrase match,0.41,4.43,,
mit professional development,a,broad match,1.070815641887928,9.786065171698008,nearest_neighbor,mit ai course,a,broad match,1.8,16.45,0.5948975788266266,same_region_and_match
generative ai course,a,broad match,0.4,2.74,exact,generative ai course,a,broad match,0.4,2.74,,
generative ai courses,a,broad match,0.33,4.33,exact,generative ai courses,a,broad match,0.33,4.33,,
online ai and ml courses,a,phrase match,0.39,17.29,exact,online ai and ml courses,a,phrase match,0.39,17.29,,
generative ai certificate course,a,broad match,0.31,15.2,exact,generative ai certificate course,a,broad match,0.31,15.2,,
generative ai online course,a,broad match,0.24,10.45,exact,generative ai online course,a,broad match,0.24,10.45,,
generative ai online program,a,broad match,0.42,7.63,exact,generative ai online program,a,broad match,0.42,7.63,,
generative ai foundations course,a,broad match,0.28,17.08,exact,generative ai foundations course,a,broad match,0.28,17.08,,
online course generative ai,a,broad match,0.3,2.9,exact,online course generative ai,a,broad match,0.3,2.9,,
mit professional development,b,broad match,0.07,0.85,exact,mit professional development,b,broad match,0.07,0.85,,
generative ai course,b,broad match,0.16,2.85,exact,generative ai course,b,broad match,0.16,2.85,,
generative ai courses,b,broad match,0.13,0.69,exact,generative ai courses,b,broad match,0.13,0.69,,
online ai and ml courses,b,phrase match,0.1,8.29,exact,online ai and ml courses,b,phrase match,0.1,8.29,,
generative ai online course,b,broad match,0.25989055713577697,0.6930414856954051,nearest_neighbor,online course generative ai,b,broad match,0.27,0.72,0.962557619021396,same_region_and_match
generative ai online program,b,broad match,0.21811411208896125,0.58163763223723,nearest_neighbor,online course generative ai,b,broad match,0.27,0.72,0.8078300447739305,same_region_and_match
generative ai certificate program,b,broad match,0.15,4.94,exact,generative ai certificate program,b,broad match,0.15,4.94,,
mit generative ai certificate,b,broad match,0.03,0.64,exact,mit generative ai certificate,b,broad match,0.03,0.64,,
generative ai certification online,b,broad match,0.16,0.49,exact,generative ai certification online,b,broad match,0.16,0.49,,
online course generative ai,b,broad match,0.27,0.72,exact,online course generative ai,b,broad match,0.27,0.72,,
mit ai course,usa,phrase match,0.61,17.78,exact,mit ai course,usa,phrase match,0.61,17.78,,
stanford ai professional program,usa,phrase match,0.23,2.25,exact,stanford ai professional program,usa,phrase match,0.23,2.25,,
mit professional development,usa,broad match,0.91,5.53,exact,mit professional development,usa,broad match,0.91,5.53,,
generative ai course,usa,broad match,0.4056112035979686,3.862963843790177,nearest_neighbor,generative ai courses,usa,broad match,0.42,4.0,0.9657409609475442,same_region_and_match
generative ai courses,usa,broad match,0.42,4.0,exact,generative ai courses,usa,broad match,0.42,4.0,,
online ai and ml courses,usa,phrase match,1.0,16.4,exact,online ai and ml courses,usa,phrase match,1.0,16.4,,
mit xpro ai,usa,broad match,0.01,24.42,exact,mit xpro ai,usa,broad match,0.01,24.42,,
mit artificial intelligence course,usa,phrase match,0.83,28.92,exact,mit artificial intelligence course,usa,phrase match,0.83,28.92,,
professional certificate in ai,usa,phrase match,0.58,3.46,exact,professional certificate in ai,usa,phrase match,0.58,3.46,,
mit xpro ai,a,broad match,0.47,2.58,exact,mit xpro ai,a,broad match,0.47,2.58,,
mit artificial intelligence course,b,phrase match,0.14,8.06,exact,mit artificial intelligence course,b,phrase match,0.14,8.06,,
generative ai certificate course,b,broad match,0.12,6.24,exact,generative ai certificate course,b,broad match,0.12,6.24,,
generative ai course mit,usa,broad match,0.6,2.0,exact,generative ai course mit,usa,broad match,0.6,2.0,,
prompt engineering course,usa,phrase match,0.48,7.85,exact,prompt engineering course,usa,phrase match,0.48,7.85,,
generative ai certification online,usa,phrase match,0.82,3.55,exact,generative ai certification online,usa,phrase match,0.82,3.55,,
generative ai fundamentals course,a,broad match,0.23,16.88,exact,generative ai fundamentals course,a,broad match,0.23,16.88,,
generative ai certificate program,a,broad match,0.43,21.82,exact,generative ai certificate program,a,broad match,0.43,21.82,,
generative ai certification online,a,broad match,0.43,1.4,exact,generative ai certification online,a,broad match,0.43,1.4,,
mit xpro ai course,usa,exact match,0.84,7.28,exact,mit xpro ai course,usa,exact match,0.84,7.28,,
online generative ai course,usa,phrase match,0.48,4.96,exact,online generative ai course,usa,phrase match,0.48,4.96,,
professional certificate in ai,a,phrase match,0.56,1.58,exact,professional certificate in ai,a,phrase match,0.56,1.58,,
artificial intelligence course,b,exact match,0.21,5.69,exact,artificial intelligence course,b,exact match,0.21,5.69,,
mit artificial intelligence course,a,phrase match,0.8,13.58,exact,mit artificial intelligence course,a,phrase match,0.8,13.58,,
generative ai course mit,usa,exact match,1.47,44.08,exact,generative ai course mit,usa,exact match,1.47,44.08,,
mit generative ai course,usa,exact match,0.57,33.96,exact,mit generative ai course,usa,exact match,0.57,33.96,,
mit ai course,b,phrase match,0.16,0.35,exact,mit ai course,b,phrase match,0.16,0.35,,
generative ai fundamentals,b,exact match,0.42,1.7,exact,generative ai fundamentals,b,exact match,0.42,1.7,,
mit generative ai course,b,exact match,0.35,29.65,exact,mit generative ai course,b,exact match,0.35,29.65,,
mit xpro ai,b,broad match,0.09,1.66,exact,mit xpro ai,b,broad match,0.09,1.66,,
ai certification mit,usa,exact match,0.01,39.03,exact,ai certification mit,usa,exact match,0.01,39.03,,
mit xpro ai course,usa,phrase match,2.46,2.46,exact,mit xpro ai course,usa,phrase match,2.46,2.46,,
driving innovation with generative ai mit,a,phrase match,1.19,3.62,exact,driving innovation with generative ai mit,a,phrase match,1.19,3.62,,
generative ai course usa,usa,phrase match,0.91,0.91,exact,generative ai course usa,usa,phrase match,0.91,0.91,,
ai for business,usa,phrase match,1.43,25.62,exact,ai for business,usa,phrase match,1.43,25.62,,
artificial intelligence training,usa,phrase match,0.93,15.38,exact,artificial intelligence training,usa,phrase match,0.93,15.38,,
artificial intelligence certification,usa,phrase match,1.07,27.99,exact,artificial intelligence certification,usa,phrase match,1.07,27.99,,
artificial intelligence course,usa,phrase match,2.09,25.18,exact,artificial intelligence course,usa,phrase match,2.09,25.18,,
mit ai class,usa,phrase match,1.79,28.98,exact,mit ai class,usa,phrase match,1.79,28.98,,
ai certification courses,usa,phrase match,1.85,25.3,exact,ai certification courses,usa,phrase match,1.85,25.3,,
artificial intelligence master online,usa,phrase match,3.09,10.55,exact,artificial intelligence master online,usa,phrase match,3.09,10.55,,
best course on artificial intelligence,usa,phrase match,1.37,17.98,exact,best course on artificial intelligence,usa,phrase match,1.37,17.98,,
artificial intelligence for engineers,usa,phrase match,2.13,17.1,exact,artificial intelligence for engineers,usa,phrase match,2.13,17.1,,
course on machine learning and artificial intelligence,usa,phrase match,1.61,15.54,exact,course on machine learning and artificial intelligence,usa,phrase match,1.61,15.54,,
ai learning course,usa,phrase match,0.91,32.7,exact,ai learning course,usa,phrase match,0.91,32.7,,
best ai learning course,usa,phrase match,2.34,22.36,exact,best ai learning course,usa,phrase match,2.34,22.36,,
certification for artificial intelligence,usa,phrase match,1.15,22.26,exact,certification for artificial intelligence,usa,phrase match,1.15,22.26,,
artificial intelligence online program,usa,phrase match,1.69,20.8,exact,artificial intelligence online program,usa,phrase match,1.69,20.8,,
top artificial intelligence certification,usa,phrase match,3.54,3.54,exact,top artificial intelligence certification,usa,phrase match,3.54,3.54,,
graduate certificate artificial intelligence,usa,phrase match,3.79,34.53,exact,graduate certificate artificial intelligence,usa,phrase match,3.79,34.53,,
ai for engineers,usa,phrase match,1.58,19.8,exact,ai for engineers,usa,phrase match,1.58,19.8,,
python and ai course,usa,phrase match,1.56,11.88,exact,python and ai course,usa,phrase match,1.56,11.88,,
best introduction to artificial intelligence,usa,phrase match,1.38,9.59,exact,best introduction to artificial intelligence,usa,phrase match,1.38,9.59,,
artificial intelligence for engineering,usa,phrase match,1.53,16.54,exact,artificial intelligence for engineering,usa,phrase match,1.53,16.54,,
artificial intelligence master's degree online,usa,phrase match,5.11,18.28,exact,artificial intelligence master's degree online,usa,phrase match,5.11,18.28,,
generative ai course,usa,phrase match,2.3,22.98,exact,generative ai course,usa,phrase match,2.3,22.98,,
ai related certifications,usa,phrase match,1.7,18.26,exact,ai related certifications,usa,phrase match,1.7,18.26,,
course in generative ai,usa,phrase match,1.19,25.44,exact,course in generative ai,usa,phrase match,1.19,25.44,,
courses in generative ai,usa,phrase match,2.73,14.83,exact,courses in generative ai,usa,phrase match,2.73,14.83,,
course on generative ai,usa,phrase match,1.42,17.88,exact,course on generative ai,usa,phrase match,1.42,17.88,,
learn how to program ai,usa,phrase match,1.64,23.69,exact,learn how to program ai,usa,phrase match,1.64,23.69,,
ai for engineering,usa,phrase match,1.33,24.95,exact,ai for engineering,usa,phrase match,1.33,24.95,,
courses about ai,usa,phrase match,2.23,16.25,exact,courses about ai,usa,phrase match,2.23,16.25,,
ai generated courses,usa,phrase match,0.58,15.47,exact,ai generated courses,usa,phrase match,0.58,15.47,,
artificial intelligence course,usa,exact match,1.63,40.2,exact,artificial intelligence course,usa,exact match,1.63,40.2,,
artificial intelligence training,usa,exact match,1.17,26.61,exact,artificial intelligence training,usa,exact match,1.17,26.61,,
artificial intelligence certification,usa,exact match,2.25,30.2,exact,artificial intelligence certification,usa,exact match,2.25,30.2,,
online artificial intelligence degree,usa,exact match,1.76,17.18,exact,online artificial intelligence degree,usa,exact match,1.76,17.18,,
machine learning engineer training,usa,exact match,2.7,8.51,exact,machine learning engineer training,usa,exact match,2.7,8.51,,
ai learning course,usa,exact match,1.96,23.48,exact,ai learning course,usa,exact match,1.96,23.48,,
artificial intelligence online program,usa,exact match,1.68,11.43,exact,artificial intelligence online program,usa,exact match,1.68,11.43,,
best ai certification,usa,exact match,4.24,20.35,exact,best ai certification,usa,exact match,4.24,20.35,,
mit ai class,usa,exact match,1.54,47.3,exact,mit ai class,usa,exact match,1.54,47.3,,
artificial intelligence master online,usa,exact match,1.45,15.3,exact,artificial intelligence master online,usa,exact match,1.45,15.3,,
artificial intelligence for engineers,usa,exact match,2.0,15.65,exact,artificial intelligence for engineers,usa,exact match,2.0,15.65,,
learn how to program ai,usa,exact match,1.01,32.62,exact,learn how to program ai,usa,exact match,1.01,32.62,,
ai courses near me,usa,exact match,2.26,7.73,exact,ai courses near me,usa,exact match,2.26,7.73,,
python and ai course,usa,exact match,2.99,38.26,exact,python and ai course,usa,exact match,2.99,38.26,,
best introduction to artificial intelligence,usa,exact match,1.77,45.17,exact,best introduction to artificial intelligence,usa,exact match,1.77,45.17,,
what to study to become artificial intelligence engineer,usa,exact match,1.38,17.36,exact,what to study to become artificial intelligence engineer,usa,exact match,1.38,17.36,,
generative ai course,usa,exact match,1.61,35.02,exact,generative ai course,usa,exact match,1.61,35.02,,
generative ai courses,usa,exact match,1.51,27.04,exact,generative ai courses,usa,exact match,1.51,27.04,,
courses about ai,usa,exact match,1.62,40.5,exact,courses about ai,usa,exact match,1.62,40.5,,
best course on generative ai,usa,exact match,3.47,21.55,exact,best course on generative ai,usa,exact match,3.47,21.55,,
generative ai courses online,usa,exact match,2.85,16.39,exact,generative ai courses online,usa,exact match,2.85,16.39,,
generative ai stanford course,usa,exact match,1.22,21.0,exact,generative ai stanford course,usa,exact match,1.22,21.0,,
ai for business,a,phrase match,0.42,11.69,exact,ai for business,a,phrase match,0.42,11.69,,
artificial intelligence training,a,phrase match,0.35,5.37,exact,artificial intelligence training,a,phrase match,0.35,5.37,,
artificial intelligence course,a,phrase match,0.7,7.37,exact,artificial intelligence course,a,phrase match,0.7,7.37,,
best courses on artificial intelligence,a,phrase match,0.5,9.62,exact,best courses on artificial intelligence,a,phrase match,0.5,9.62,,
best course on artificial intelligence,a,phrase match,0.59,13.31,exact,best course on artificial intelligence,a,phrase match,0.59,13.31,,
ai learning course,a,phrase match,0.51,9.15,exact,ai learning course,a,phrase match,0.51,9.15,,
certification for artificial intelligence,a,phrase match,0.45,12.3,exact,certification for artificial intelligence,a,phrase match,0.45,12.3,,
artificial intelligence online program,a,phrase match,0.51,8.49,exact,artificial intelligence online program,a,phrase match,0.51,8.49,,
ai for engineers,a,phrase match,0.7,7.03,exact,ai for engineers,a,phrase match,0.7,7.03,,
artificial intelligence for engineering,a,phrase match,0.58,8.0,exact,artificial intelligence for engineering,a,phrase match,0.58,8.0,,
best generative ai courses,a,phrase match,1.43,5.82,exact,best generative ai courses,a,phrase match,1.43,5.82,,
course in generative ai,a,phrase match,0.97,5.32,exact,course in generative ai,a,phrase match,0.97,5.32,,
learn how to program ai,a,phrase match,0.26,6.37,exact,learn how to program ai,a,phrase match,0.26,6.37,,
courses about ai,a,phrase match,0.71,9.99,exact,courses about ai,a,phrase match,0.71,9.99,,
ai generated courses,a,phrase match,0.5,6.25,exact,ai generated courses,a,phrase match,0.5,6.25,,
mit ai class,a,exact match,1.03,33.56,exact,mit ai class,a,exact match,1.03,33.56,,
generative ai course,a,exact match,0.72,13.16,exact,generative ai course,a,exact match,0.72,13.16,,
course on generative ai,a,exact match,0.75,4.07,exact,course on generative ai,a,exact match,0.75,4.07,,
courses in generative ai,a,exact match,1.2,14.92,exact,courses in generative ai,a,exact match,1.2,14.92,,
generative ai course mit,a,exact match,0.86,23.94,exact,generative ai course mit,a,exact match,0.86,23.94,,
ai for business,b,phrase match,0.15,4.08,exact,ai for business,b,phrase match,0.15,4.08,,
artificial intelligence training,b,phrase match,0.35,4.05,exact,artificial intelligence training,b,phrase match,0.35,4.05,,
artificial intelligence course,b,phrase match,0.29,2.2,exact,artificial intelligence course,b,phrase match,0.29,2.2,,
best courses on artificial intelligence,b,phrase match,0.31,4.31,exact,best courses on artificial intelligence,b,phrase match,0.31,4.31,,
best course on artificial intelligence,b,phrase match,0.17,2.91,exact,best course on artificial intelligence,b,phrase match,0.17,2.91,,
ai learning course,b,phrase match,0.19,7.99,exact,ai learning course,b,phrase match,0.19,7.99,,
ai short course,b,phrase match,0.28,1.14,exact,ai short course,b,phrase match,0.28,1.14,,
ai for engineers,b,phrase match,0.14,1.45,exact,ai for engineers,b,phrase match,0.14,1.45,,
generative ai course,b,phrase match,0.1,10.18,exact,generative ai course,b,phrase match,0.1,10.18,,
courses about ai,b,phrase match,0.33,3.62,exact,courses about ai,b,phrase match,0.33,3.62,,
artificial intelligence training,b,exact match,0.23,8.5,exact,artificial intelligence training,b,exact match,0.23,8.5,,
ai certification courses,b,exact match,0.15,1.33,exact,ai certification courses,b,exact match,0.15,1.33,,
best place to study artificial intelligence,b,exact match,0.31,6.12,exact,best place to study artificial intelligence,b,exact match,0.31,6.12,,
generative ai course,b,exact match,0.17,5.48,exact,generative ai course,b,exact match,0.17,5.48,,
generative ai courses online,b,exact match,0.41,0.62,exact,generative ai courses online,b,exact match,0.41,0.62,,
ai for business,c,phrase match,0.17,4.79,exact,ai for business,c,phrase match,0.17,4.79,,
artificial intelligence training,c,phrase match,0.11,1.75,exact,artificial intelligence training,c,phrase match,0.11,1.75,,
ai for enterprise,c,phrase match,0.36,1.64,exact,ai for enterprise,c,phrase match,0.36,1.64,,
artificial intelligence course,c,phrase match,0.16,1.87,exact,artificial intelligence course,c,phrase match,0.16,1.87,,
best course on artificial intelligence,c,phrase match,0.16,1.25,exact,best course on artificial intelligence,c,phrase match,0.16,1.25,,
ai learning course,c,phrase match,0.21,6.13,exact,ai learning course,c,phrase match,0.21,6.13,,
best ai learning course,c,phrase match,0.39,3.14,exact,best ai learning course,c,phrase match,0.39,3.14,,
executive education ai,c,phrase match,0.44,3.26,exact,executive education ai,c,phrase match,0.44,3.26,,
online ai and ml courses,c,phrase match,0.27,4.6,exact,online ai and ml courses,c,phrase match,0.27,4.6,,
ai for engineers,c,phrase match,0.15,1.46,exact,ai for engineers,c,phrase match,0.15,1.46,,
course in generative ai,c,phrase match,0.15,0.91,exact,course in generative ai,c,phrase match,0.15,0.91,,
generative ai training course,c,phrase match,0.36,1.04,exact,generative ai training course,c,phrase match,0.36,1.04,,
course generator ai,c,phrase match,0.21,0.98,exact,course generator ai,c,phrase match,0.21,0.98,,
course on generative ai,c,phrase match,0.15,1.98,exact,course on generative ai,c,phrase match,0.15,1.98,,
learn how to program ai,c,phrase match,0.15,2.36,exact,learn how to program ai,c,phrase match,0.15,2.36,,
courses on generative ai,c,phrase match,0.22,0.92,exact,courses on generative ai,c,phrase match,0.22,0.92,,
courses about ai,c,phrase match,0.16,2.31,exact,courses about ai,c,phrase match,0.16,2.31,,
ai generated courses,c,phrase match,0.11,1.43,exact,ai generated courses,c,phrase match,0.11,1.43,,
artificial intelligence course,c,exact match,0.15,1.08,exact,artificial intelligence course,c,exact match,0.15,1.08,,
learn how to program ai,c,exact match,0.22,1.05,exact,learn how to program ai,c,exact match,0.22,1.05,,
generative ai course,c,exact match,0.13,3.28,exact,generative ai course,c,exact match,0.13,3.28,,
google generative ai course,c,exact match,0.11,1.25,exact,google generative ai course,c,exact match,0.11,1.25,,
generative ai course mit,c,exact match,0.01,3.36,exact,generative ai course mit,c,exact match,0.01,3.36,,
generative ai online program,c,broad match,0.19,1.56,exact,generative ai online program,c,broad match,0.19,1.56,,
best courses on artificial intelligence,usa,phrase match,1.47,12.93,exact,best courses on artificial intelligence,usa,phrase match,1.47,12.93,,
best course for artificial intelligence,usa,phrase match,1.65,41.47,exact,best course for artificial intelligence,usa,phrase match,1.65,41.47,,
best ai classes online,usa,phrase match,2.22,11.2,exact,best ai classes online,usa,phrase match,2.22,11.2,,
generative ai courses,usa,phrase match,1.88,25.76,exact,generative ai courses,usa,phrase match,1.88,25.76,,
artificial intelligence for leadership,usa,phrase match,3.32,16.94,exact,artificial intelligence for leadership,usa,phrase match,3.32,16.94,,
courses on generative ai,usa,phrase match,1.47,19.3,exact,courses on generative ai,usa,phrase match,1.47,19.3,,
mit artificial intelligence course,usa,exact match,2.3,32.04,exact,mit artificial intelligence course,usa,exact match,2.3,32.04,,
best courses on artificial intelligence,usa,exact match,1.86,16.98,exact,best courses on artificial intelligence,usa,exact match,1.86,16.98,,
best ai learning course,usa,exact match,1.37,23.89,exact,best ai learning course,usa,exact match,1.37,23.89,,
best generative ai courses,usa,exact match,2.0,19.34,exact,best generative ai courses,usa,exact match,2.0,19.34,,
courses in generative ai,usa,exact match,2.86,29.56,exact,courses in generative ai,usa,exact match,2.86,29.56,,
stanford generative ai course,usa,exact match,1.1,15.66,exact,stanford generative ai course,usa,exact match,1.1,15.66,,
ai certification courses,a,phrase match,0.44,10.42,exact,ai certification courses,a,phrase match,0.44,10.42,,
best place to study artificial intelligence,a,phrase match,0.65,5.48,exact,best place to study artificial intelligence,a,phrase match,0.65,5.48,,
bootcamp ai,a,phrase match,1.47,2.45,exact,bootcamp ai,a,phrase match,1.47,2.45,,
generative ai course stanford,a,phrase match,0.6,3.64,exact,generative ai course stanford,a,phrase match,0.6,3.64,,
mit generative ai course,a,phrase match,0.86,7.55,exact,mit generative ai course,a,phrase match,0.86,7.55,,
ai related certifications,a,phrase match,0.53,6.01,exact,ai related certifications,a,phrase match,0.53,6.01,,
course generative ai,a,phrase match,0.55,3.86,exact,course generative ai,a,phrase match,0.55,3.86,,
learn how to program ai,a,exact match,0.66,5.04,exact,learn how to program ai,a,exact match,0.66,5.04,,
mit generative ai course,a,exact match,1.33,29.23,exact,mit generative ai course,a,exact match,1.33,29.23,,
artificial intelligence certification,b,phrase match,0.22,6.22,exact,artificial intelligence certification,b,phrase match,0.22,6.22,,
mit ai class,b,phrase match,0.85,10.54,exact,mit ai class,b,phrase match,0.85,10.54,,
artificial intelligence for engineers,b,phrase match,0.1,3.2,exact,artificial intelligence for engineers,b,phrase match,0.1,3.2,,
best ai learning course,b,phrase match,0.48,2.87,exact,best ai learning course,b,phrase match,0.48,2.87,,
certification for artificial intelligence,b,phrase match,0.3,5.88,exact,certification for artificial intelligence,b,phrase match,0.3,5.88,,
bootcamp ai,b,phrase match,0.14,1.39,exact,bootcamp ai,b,phrase match,0.14,1.39,,
python and ai course,b,phrase match,0.11,2.77,exact,python and ai course,b,phrase match,0.11,2.77,,
best introduction to artificial intelligence,b,phrase match,0.19,2.06,exact,best introduction to artificial intelligence,b,phrase match,0.19,2.06,,
generative ai training course,b,phrase match,0.28,2.18,exact,generative ai training course,b,phrase match,0.28,2.18,,
learn how to program ai,b,phrase match,0.21,4.15,exact,learn how to program ai,b,phrase match,0.21,4.15,,
ai for engineering,b,phrase match,0.13,5.64,exact,ai for engineering,b,phrase match,0.13,5.64,,
learn how to program ai,b,exact match,0.23,1.85,exact,learn how to program ai,b,exact match,0.23,1.85,,
what to study to become artificial intelligence engineer,b,exact match,0.27,1.37,exact,what to study to become artificial intelligence engineer,b,exact match,0.27,1.37,,
mit artificial intelligence course,c,phrase match,0.16,4.16,exact,mit artificial intelligence course,c,phrase match,0.16,4.16,,
mit ai class,c,phrase match,0.21,1.62,exact,mit ai class,c,phrase match,0.21,1.62,,
ai certification courses,c,phrase match,0.21,1.44,exact,ai certification courses,c,phrase match,0.21,1.44,,
best courses on artificial intelligence,c,phrase match,0.48,2.3,exact,best courses on artificial intelligence,c,phrase match,0.48,2.3,,
course on machine learning and artificial intelligence,c,phrase match,0.19,0.74,exact,course on machine learning and artificial intelligence,c,phrase match,0.19,0.74,,
certification for artificial intelligence,c,phrase match,0.26,1.82,exact,certification for artificial intelligence,c,phrase match,0.26,1.82,,
artificial intelligence online program,c,phrase match,0.15,2.93,exact,artificial intelligence online program,c,phrase match,0.15,2.93,,
best introduction to artificial intelligence,c,phrase match,0.1,0.45,exact,best introduction to artificial intelligence,c,phrase match,0.1,0.45,,
generative ai course,c,phrase match,0.13,2.03,exact,generative ai course,c,phrase match,0.13,2.03,,
course generative ai,c,phrase match,0.16,1.67,exact,course generative ai,c,phrase match,0.16,1.67,,
generative ai course mit,c,phrase match,1.54,4.5,exact,generative ai course mit,c,phrase match,1.54,4.5,,
artificial intelligence training,c,exact match,0.26,2.83,exact,artificial intelligence training,c,exact match,0.26,2.83,,
course on generative ai,c,exact match,0.2,0.94,exact,course on generative ai,c,exact match,0.2,0.94,,
courses on generative ai,c,exact match,0.25,2.34,exact,courses on generative ai,c,exact match,0.25,2.34,,
generative ai stanford course,c,exact match,0.23,3.58,exact,generative ai stanford course,c,exact match,0.23,3.58,,
generative ai fundamentals course,c,broad match,0.18,2.11,exact,generative ai fundamentals course,c,broad match,0.18,2.11,,
artificial intelligence workshop,usa,phrase match,2.35,16.08,exact,artificial intelligence workshop,usa,phrase match,2.35,16.08,,
executive education ai,usa,phrase match,1.38,78.45,exact,executive education ai,usa,phrase match,1.38,78.45,,
best place to study artificial intelligence,usa,phrase match,1.79,25.06,exact,best place to study artificial intelligence,usa,phrase match,1.79,25.06,,
best generative ai courses,usa,phrase match,1.37,17.79,exact,best generative ai courses,usa,phrase match,1.37,17.79,,
generative ai online course,usa,phrase match,1.91,18.65,exact,generative ai online course,usa,phrase match,1.91,18.65,,
course generative ai,usa,phrase match,1.72,33.89,exact,course generative ai,usa,phrase match,1.72,33.89,,
google generative ai course,usa,phrase match,1.13,27.49,exact,google generative ai course,usa,phrase match,1.13,27.49,,
best generative ai course,usa,phrase match,1.23,11.19,exact,best generative ai course,usa,phrase match,1.23,11.19,,
ai certification courses,usa,exact match,1.29,18.35,exact,ai certification courses,usa,exact match,1.29,18.35,,
certification in machine learning and ai,usa,exact match,1.64,9.3,exact,certification in machine learning and ai,usa,exact match,1.64,9.3,,
artificial intelligence stanford online,usa,exact match,1.53,24.35,exact,artificial intelligence stanford online,usa,exact match,1.53,24.35,,
courses on generative ai,usa,exact match,1.87,19.01,exact,courses on generative ai,usa,exact match,1.87,19.01,,
course generative ai,usa,exact match,1.95,24.18,exact,course generative ai,usa,exact match,1.95,24.18,,
google generative ai course,usa,exact match,1.58,17.21,exact,google generative ai course,usa,exact match,1.58,17.21,,
generative ai course stanford,usa,exact match,1.8,14.15,exact,generative ai course stanford,usa,exact match,1.8,14.15,,
artificial intelligence certification,a,phrase match,0.4,13.77,exact,artificial intelligence certification,a,phrase match,0.4,13.77,,
executive education ai,a,phrase match,1.37,15.39,exact,executive education ai,a,phrase match,1.37,15.39,,
artificial intelligence master's degree online,a,phrase match,0.78,6.1,exact,artificial intelligence master's degree online,a,phrase match,0.78,6.1,,
generative ai course,a,phrase match,0.45,7.78,exact,generative ai course,a,phrase match,0.45,7.78,,
course on generative ai,a,phrase match,0.55,7.26,exact,course on generative ai,a,phrase match,0.55,7.26,,
courses on generative ai,a,phrase match,0.58,3.28,exact,courses on generative ai,a,phrase match,0.58,3.28,,
artificial intelligence course,a,exact match,0.64,23.42,exact,artificial intelligence course,a,exact match,0.64,23.42,,
course on machine learning and artificial intelligence,b,phrase match,0.19,2.51,exact,course on machine learning and artificial intelligence,b,phrase match,0.19,2.51,,
artificial intelligence online program,b,phrase match,0.22,5.25,exact,artificial intelligence online program,b,phrase match,0.22,5.25,,
artificial intelligence certification,b,exact match,0.28,2.3,exact,artificial intelligence certification,b,exact match,0.28,2.3,,
best ai learning course,b,exact match,0.22,8.33,exact,best ai learning course,b,exact match,0.22,8.33,,
artificial intelligence master's degree online,b,exact match,0.56,1.94,exact,artificial intelligence master's degree online,b,exact match,0.56,1.94,,
artificial intelligence stanford online,b,exact match,0.43,2.07,exact,artificial intelligence stanford online,b,exact match,0.43,2.07,,
courses about ai,b,exact match,0.29,2.81,exact,courses about ai,b,exact match,0.29,2.81,,
course in generative ai,b,exact match,0.46,0.46,exact,course in generative ai,b,exact match,0.46,0.46,,
artificial intelligence certification,c,phrase match,0.35,11.79,exact,artificial intelligence certification,c,phrase match,0.35,11.79,,
artificial intelligence for engineering,c,phrase match,0.18,0.57,exact,artificial intelligence for engineering,c,phrase match,0.18,0.57,,
ai for engineering,c,phrase match,0.29,1.24,exact,ai for engineering,c,phrase match,0.29,1.24,,
mit artificial intelligence course,c,exact match,0.08,5.31,exact,mit artificial intelligence course,c,exact match,0.08,5.31,,
ai certification mit,c,exact match,0.28,8.53,exact,ai certification mit,c,exact match,0.28,8.53,,
mit ai class,c,exact match,0.24,1.38,exact,mit ai class,c,exact match,0.24,1.38,,
what to study to become artificial intelligence engineer,c,exact match,0.13,0.92,exact,what to study to become artificial intelligence engineer,c,exact match,0.13,0.92,,
generative ai courses,c,exact match,0.33,2.11,exact,generative ai courses,c,exact match,0.33,2.11,,
generative ai fundamentals course,b,broad match,0.14,3.19,exact,generative ai fundamentals course,b,broad match,0.14,3.19,,
generative ai foundations course,b,broad match,0.1,10.86,exact,generative ai foundations course,b,broad match,0.1,10.86,,
generative ai certificate course,c,broad match,0.14,2.88,exact,generative ai certificate course,c,broad match,0.14,2.88,,
generative ai online course,c,broad match,0.13,2.34,exact,generative ai online course,c,broad match,0.13,2.34,,
generative ai foundations course,c,broad match,0.11,1.95,exact,generative ai foundations course,c,broad match,0.11,1.95,,
ai short course,usa,phrase match,1.58,21.29,exact,ai short course,usa,phrase match,1.58,21.29,,
artificial intelligence stanford online,usa,phrase match,1.96,11.4,exact,artificial intelligence stanford online,usa,phrase match,1.96,11.4,,
best course for artificial intelligence,usa,exact match,2.27,11.97,exact,best course for artificial intelligence,usa,exact match,2.27,11.97,,
course on generative ai,usa,exact match,1.13,15.67,exact,course on generative ai,usa,exact match,1.13,15.67,,
best generative ai course,usa,exact match,2.09,22.24,exact,best generative ai course,usa,exact match,2.09,22.24,,
mit ai class,a,phrase match,1.46,17.44,exact,mit ai class,a,phrase match,1.46,17.44,,
best ai learning course,a,phrase match,1.36,5.53,exact,best ai learning course,a,phrase match,1.36,5.53,,
best introduction to artificial intelligence,a,phrase match,0.4,4.65,exact,best introduction to artificial intelligence,a,phrase match,0.4,4.65,,
courses on generative ai,a,exact match,0.95,5.21,exact,courses on generative ai,a,exact match,0.95,5.21,,
stanford generative ai course,a,exact match,1.29,6.8,exact,stanford generative ai course,a,exact match,1.29,6.8,,
best place to study artificial intelligence,b,phrase match,0.49,2.99,exact,best place to study artificial intelligence,b,phrase match,0.49,2.99,,
course on generative ai,b,phrase match,0.33,0.77,exact,course on generative ai,b,phrase match,0.33,0.77,,
python and ai course,b,exact match,0.83,1.28,exact,python and ai course,b,exact match,0.83,1.28,,
best generative ai courses,b,exact match,0.39,0.83,exact,best generative ai courses,b,exact match,0.39,0.83,,
generative ai course mit,b,exact match,0.21,16.24,exact,generative ai course mit,b,exact match,0.21,16.24,,
bootcamp ai,usa,phrase match,2.31,17.81,exact,bootcamp ai,usa,phrase match,2.31,17.81,,
generative ai training course,usa,phrase match,2.29,12.53,exact,generative ai training course,usa,phrase match,2.29,12.53,,
artificial intelligence workshop,a,phrase match,0.45,2.25,exact,artificial intelligence workshop,a,phrase match,0.45,2.25,,
courses in generative ai,b,exact match,0.28,2.56,exact,courses in generative ai,b,exact match,0.28,2.56,,
best course on artificial intelligence,c,exact match,0.42,0.9,exact,best course on artificial intelligence,c,exact match,0.42,0.9,,
generative ai course mit,usa,phrase match,3.63,27.95,exact,generative ai course mit,usa,phrase match,3.63,27.95,,
generative ai online course,usa,exact match,3.84,6.64,exact,generative ai online course,usa,exact match,3.84,6.64,,
ai certification mit,a,exact match,1.32,38.4,exact,ai certification mit,a,exact match,1.32,38.4,,
artificial intelligence master online,a,exact match,0.63,4.24,exact,artificial intelligence master online,a,exact match,0.63,4.24,,
artificial intelligence summer course,b,phrase match,0.49,1.57,exact,artificial intelligence summer course,b,phrase match,0.49,1.57,,
generative ai courses online,usa,phrase match,2.8,10.16,exact,generative ai courses online,usa,phrase match,2.8,10.16,,
mit generative ai course,usa,phrase match,1.17,38.04,exact,mit generative ai course,usa,phrase match,1.17,38.04,,
ai certification mit,usa,phrase match,1.2,29.63,exact,ai certification mit,usa,phrase match,1.2,29.63,,
best courses on generative ai,usa,exact match,1.62,18.23,exact,best courses on generative ai,usa,exact match,1.62,18.23,,
best ai certification,a,exact match,1.45,9.54,exact,best ai certification,a,exact match,1.45,9.54,,
course generative ai,b,phrase match,0.21,2.26,exact,course generative ai,b,phrase match,0.21,2.26,,
course generator ai,b,phrase match,0.22,1.74,exact,course generator ai,b,phrase match,0.22,1.74,,
courses on generative ai,b,phrase match,0.47,3.36,exact,courses on generative ai,b,phrase match,0.47,3.36,,
artificial intelligence for engineers,c,phrase match,0.28,0.88,exact,artificial intelligence for engineers,c,phrase match,0.28,0.88,,
best ai learning course,c,exact match,0.19,2.04,exact,best ai learning course,c,exact match,0.19,2.04,,
generative ai course online,usa,phrase match,1.74,19.98,exact,generative ai course online,usa,phrase match,1.74,19.98,,
course on machine learning and artificial intelligence,a,exact match,1.14,5.48,exact,course on machine learning and artificial intelligence,a,exact match,1.14,5.48,,
generative ai courses,a,exact match,1.16,4.54,exact,generative ai courses,a,exact match,1.16,4.54,,
artificial intelligence for engineering,b,phrase match,0.16,1.21,exact,artificial intelligence for engineering,b,phrase match,0.16,1.21,,
ai related certifications,b,phrase match,0.11,1.49,exact,ai related certifications,b,phrase match,0.11,1.49,,
ai generated courses,b,phrase match,0.19,2.51,exact,ai generated courses,b,phrase match,0.19,2.51,,
generative ai courses,b,exact match,0.44,2.87,exact,generative ai courses,b,exact match,0.44,2.87,,
google generative ai course,b,exact match,0.21,2.55,exact,google generative ai course,b,exact match,0.21,2.55,,
best course for artificial intelligence,c,phrase match,0.4,2.26,exact,best course for artificial intelligence,c,phrase match,0.4,2.26,,
ai certification classes,c,phrase match,0.54,0.57,exact,ai certification classes,c,phrase match,0.54,0.57,,
generative ai courses,c,phrase match,0.2,5.46,exact,generative ai courses,c,phrase match,0.2,5.46,,
online ai and ml courses,c,exact match,0.33,1.51,exact,online ai and ml courses,c,exact match,0.33,1.51,,
artificial intelligence stanford online,c,exact match,0.27,1.28,exact,artificial intelligence stanford online,c,exact match,0.27,1.28,,
generative ai course stanford,c,exact match,0.29,1.72,exact,generative ai course stanford,c,exact match,0.29,1.72,,
ai for enterprise,usa,phrase match,2.99,25.72,exact,ai for enterprise,usa,phrase match,2.99,25.72,,
certification in machine learning and ai,usa,phrase match,2.31,14.15,exact,certification in machine learning and ai,usa,phrase match,2.31,14.15,,
certification for artificial intelligence,usa,exact match,1.74,30.19,exact,certification for artificial intelligence,usa,exact match,1.74,30.19,,
best place to study artificial intelligence,usa,exact match,0.93,25.17,exact,best place to study artificial intelligence,usa,exact match,0.93,25.17,,
generative ai courses,a,phrase match,0.49,11.42,exact,generative ai courses,a,phrase match,0.49,11.42,,
best course on artificial intelligence,a,exact match,2.04,13.09,exact,best course on artificial intelligence,a,exact match,2.04,13.09,,
generative ai stanford course,a,exact match,0.9,11.21,exact,generative ai stanford course,a,exact match,0.9,11.21,,
artificial intelligence workshop,c,phrase match,0.19,1.15,exact,artificial intelligence workshop,c,phrase match,0.19,1.15,,
artificial intelligence master's degree online,c,phrase match,0.41,5.0,exact,artificial intelligence master's degree online,c,phrase match,0.41,5.0,,
ai for managers course,c,exact match,1.32,1.56,exact,ai for managers course,c,exact match,1.32,1.56,,
generative ai online courses,c,exact match,0.42,0.99,exact,generative ai online courses,c,exact match,0.42,0.99,,
generative ai online courses,usa,exact match,1.36,18.57,exact,generative ai online courses,usa,exact match,1.36,18.57,,
python and ai course,a,phrase match,0.6,7.02,exact,python and ai course,a,phrase match,0.6,7.02,,
generative ai stanford course,a,phrase match,2.44,2.44,exact,generative ai stanford course,a,phrase match,2.44,2.44,,
artificial intelligence certification,a,exact match,1.0,4.7,exact,artificial intelligence certification,a,exact match,1.0,4.7,,
bootcamp ai,a,exact match,0.57,10.42,exact,bootcamp ai,a,exact match,0.57,10.42,,
python and ai course,c,phrase match,0.17,4.01,exact,python and ai course,c,phrase match,0.17,4.01,,
courses in generative ai,c,exact match,0.74,0.9,exact,courses in generative ai,c,exact match,0.74,0.9,,
ai for managers course,usa,phrase match,1.92,55.28,exact,ai for managers course,usa,phrase match,1.92,55.28,,
artificial intelligence summer course,usa,phrase match,2.18,9.38,exact,artificial intelligence summer course,usa,phrase match,2.18,9.38,,
ai certification classes,usa,phrase match,1.91,5.79,exact,ai certification classes,usa,phrase match,1.91,5.79,,
ai for managers course,a,phrase match,1.14,3.22,exact,ai for managers course,a,phrase match,1.14,3.22,,
certification in machine learning and ai,a,phrase match,2.3,3.76,exact,certification in machine learning and ai,a,phrase match,2.3,3.76,,
best courses on artificial intelligence,a,exact match,0.84,0.84,exact,best courses on artificial intelligence,a,exact match,0.84,0.84,,
artificial intelligence stanford online,a,exact match,0.91,6.97,exact,artificial intelligence stanford online,a,exact match,0.91,6.97,,
google generative ai course,a,exact match,0.86,2.63,exact,google generative ai course,a,exact match,0.86,2.63,,
generative ai courses online,a,exact match,1.23,4.73,exact,generative ai courses online,a,exact match,1.23,4.73,,
ai certification courses,c,exact match,0.44,0.44,exact,ai certification courses,c,exact match,0.44,0.44,,
ai for business,usa,exact match,9.65,9.65,exact,ai for business,usa,exact match,9.65,9.65,,
best introduction to artificial intelligence,b,exact match,0.32,2.71,exact,best introduction to artificial intelligence,b,exact match,0.32,2.71,,
artificial intelligence for engineers,a,phrase match,0.4,2.96,exact,artificial intelligence for engineers,a,phrase match,0.4,2.96,,
generative ai courses online,a,phrase match,0.8,4.56,exact,generative ai courses online,a,phrase match,0.8,4.56,,
stanford generative ai course,c,exact match,0.39,1.28,exact,stanford generative ai course,c,exact match,0.39,1.28,,
best ai classes online,a,phrase match,2.6,15.93,exact,best ai classes online,a,phrase match,2.6,15.93,,
generative ai course stanford,a,exact match,1.16,1.86,exact,generative ai course stanford,a,exact match,1.16,1.86,,
best place to study artificial intelligence,c,phrase match,0.32,1.26,exact,best place to study artificial intelligence,c,phrase match,0.32,1.26,,
generative ai certificate program,c,broad match,0.12,1.84,exact,generative ai certificate program,c,broad match,0.12,1.84,,
ai for engineering,a,phrase match,0.28,5.72,exact,ai for engineering,a,phrase match,0.28,5.72,,
artificial intelligence training,a,exact match,0.59,30.15,exact,artificial intelligence training,a,exact match,0.59,30.15,,
course generative ai,c,exact match,0.12,2.57,exact,course generative ai,c,exact match,0.12,2.57,,
generative ai course online,usa,exact match,3.27,20.4,exact,generative ai course online,usa,exact match,3.27,20.4,,
artificial intelligence workshop,b,phrase match,0.2,0.65,exact,artificial intelligence workshop,b,phrase match,0.2,0.65,,
course generative ai,b,exact match,0.29,2.03,exact,course generative ai,b,exact match,0.29,2.03,,
artificial intelligence certification,c,exact match,0.49,0.63,exact,artificial intelligence certification,c,exact match,0.49,0.63,,
top artificial intelligence certification,usa,exact match,2.63,27.67,exact,top artificial intelligence certification,usa,exact match,2.63,27.67,,
generative ai training course,usa,exact match,2.26,21.62,exact,generative ai training course,usa,exact match,2.26,21.62,,
best ai learning course,a,exact match,0.67,5.98,exact,best ai learning course,a,exact match,0.67,5.98,,
ai certification courses,b,phrase match,0.52,2.72,exact,ai certification courses,b,phrase match,0.52,2.72,,
courses on generative ai,b,exact match,0.01,3.73,exact,courses on generative ai,b,exact match,0.01,3.73,,
best generative ai courses,c,phrase match,0.47,1.35,exact,best generative ai courses,c,phrase match,0.47,1.35,,
best course on generative ai,c,exact match,0.29,1.07,exact,best course on generative ai,c,exact match,0.29,1.07,,
ai for engineering,c,exact match,0.5,1.21,exact,ai for engineering,c,exact match,0.5,1.21,,
best ai certifications 2024,usa,exact match,4.44,4.44,exact,best ai certifications 2024,usa,exact match,4.44,4.44,,
artificial intelligence for leadership,a,phrase match,0.9,0.9,exact,artificial intelligence for leadership,a,phrase match,0.9,0.9,,
generative ai online course,a,exact match,1.01,1.86,exact,generative ai online course,a,exact match,1.01,1.86,,
ai learning course,b,exact match,0.32,6.92,exact,ai learning course,b,exact match,0.32,6.92,,
certification in machine learning and ai,b,exact match,0.3,0.78,exact,certification in machine learning and ai,b,exact match,0.3,0.78,,
best generative ai courses,c,exact match,0.36,2.1,exact,best generative ai courses,c,exact match,0.36,2.1,,
artificial intelligence master's degree online,usa,exact match,3.34,25.52,exact,artificial intelligence master's degree online,usa,exact match,3.34,25.52,,
artificial intelligence summer course,a,phrase match,1.35,7.81,exact,artificial intelligence summer course,a,phrase match,1.35,7.81,,
best ai classes online,c,exact match,0.51,0.51,exact,best ai classes online,c,exact match,0.51,0.51,,
courses about ai,c,exact match,0.15,1.8,exact,courses about ai,c,exact match,0.15,1.8,,
courses in generative ai,b,phrase match,0.24,2.99,exact,courses in generative ai,b,phrase match,0.24,2.99,,
best ai certification,b,exact match,0.18,1.69,exact,best ai certification,b,exact match,0.18,1.69,,
generative ai training course,b,exact match,3.61,3.61,exact,generative ai training course,b,exact match,3.61,3.61,,
ai short course,c,phrase match,0.47,0.77,exact,ai short course,c,phrase match,0.47,0.77,,
ai related certifications,c,phrase match,0.12,1.0,exact,ai related certifications,c,phrase match,0.12,1.0,,
courses in generative ai,c,phrase match,0.42,0.42,exact,courses in generative ai,c,phrase match,0.42,0.42,,
best ai certification,c,exact match,0.31,0.39,exact,best ai certification,c,exact match,0.31,0.39,,
best courses on generative ai,usa,phrase match,2.83,16.89,exact,best courses on generative ai,usa,phrase match,2.83,16.89,,
artificial intelligence workshop,a,exact match,3.98,3.98,exact,artificial intelligence workshop,a,exact match,3.98,3.98,,
what to study to become artificial intelligence engineer,a,exact match,1.83,10.01,exact,what to study to become artificial intelligence engineer,a,exact match,1.83,10.01,,
best generative ai courses,a,exact match,1.4,4.76,exact,best generative ai courses,a,exact match,1.4,4.76,,
course on generative ai,b,exact match,0.37,1.64,exact,course on generative ai,b,exact match,0.37,1.64,,
artificial intelligence master online,a,phrase match,0.8,7.13,exact,artificial intelligence master online,a,phrase match,0.8,7.13,,
certification for artificial intelligence,a,exact match,1.45,19.38,exact,certification for artificial intelligence,a,exact match,1.45,19.38,,
google generative ai course,c,phrase match,0.15,1.05,exact,google generative ai course,c,phrase match,0.15,1.05,,
ai certification mit,c,phrase match,1.78,1.78,exact,ai certification mit,c,phrase match,1.78,1.78,,
best place to study artificial intelligence,c,exact match,1.03,1.03,exact,best place to study artificial intelligence,c,exact match,1.03,1.03,,
mit artificial intelligence course,a,exact match,0.71,22.89,exact,mit artificial intelligence course,a,exact match,0.71,22.89,,
generative ai courses,b,phrase match,0.22,2.54,exact,generative ai courses,b,phrase match,0.22,2.54,,
google generative ai course,b,phrase match,0.32,1.36,exact,google generative ai course,b,phrase match,0.32,1.36,,
generative ai online course,c,phrase match,0.57,0.61,exact,generative ai online course,c,phrase match,0.57,0.61,,
course on machine learning and artificial intelligence,b,exact match,0.44,1.63,exact,course on machine learning and artificial intelligence,b,exact match,0.44,1.63,,
ai courses for executives,c,phrase match,0.88,0.88,exact,ai courses for executives,c,phrase match,0.88,0.88,,
generative ai stanford course,usa,phrase match,2.22,7.52,exact,generative ai stanford course,usa,phrase match,2.22,7.52,,
ai for executives course,b,phrase match,1.21,1.21,exact,ai for executives course,b,phrase match,1.21,1.21,,
ai related certifications,b,exact match,0.36,1.11,exact,ai related certifications,b,exact match,0.36,1.11,,
course on machine learning and artificial intelligence,c,exact match,0.4,0.4,exact,course on machine learning and artificial intelligence,c,exact match,0.4,0.4,,
ai courses for executives,usa,phrase match,1.5,36.05,exact,ai courses for executives,usa,phrase match,1.5,36.05,,
generative ai training course,a,phrase match,0.92,11.06,exact,generative ai training course,a,phrase match,0.92,11.06,,
google generative ai course,a,phrase match,3.09,3.79,exact,google generative ai course,a,phrase match,3.09,3.79,,
ai learning course,c,exact match,0.45,1.0,exact,ai learning course,c,exact match,0.45,1.0,,
generative ai course online,c,exact match,0.19,0.19,exact,generative ai course online,c,exact match,0.19,0.19,,
generative ai online courses,a,exact match,1.49,2.69,exact,generative ai online courses,a,exact match,1.49,2.69,,
stanford generative ai course,b,exact match,0.96,0.96,exact,stanford generative ai course,b,exact match,0.96,0.96,,
mit generative ai course,c,exact match,0.12,1.07,exact,mit generative ai course,c,exact match,0.12,1.07,,
generative ai online courses,usa,phrase match,4.47,4.47,exact,generative ai online courses,usa,phrase match,4.47,4.47,,
mit ai class,b,exact match,0.27,6.8,exact,mit ai class,b,exact match,0.27,6.8,,
bootcamp ai,b,exact match,2.48,2.48,exact,bootcamp ai,b,exact match,2.48,2.48,,
ai related certifications,usa,exact match,1.55,25.67,exact,ai related certifications,usa,exact match,1.55,25.67,,
best course on artificial intelligence,usa,exact match,2.66,24.27,exact,best course on artificial intelligence,usa,exact match,2.66,24.27,,
course on machine learning and artificial intelligence,usa,exact match,2.48,8.43,exact,course on machine learning and artificial intelligence,usa,exact match,2.48,8.43,,
best course for artificial intelligence,a,phrase match,1.95,1.95,exact,best course for artificial intelligence,a,phrase match,1.95,1.95,,
courses about ai,a,exact match,0.55,6.18,exact,courses about ai,a,exact match,0.55,6.18,,
artificial intelligence master's degree online,b,phrase match,0.63,2.39,exact,artificial intelligence master's degree online,b,phrase match,0.63,2.39,,
best introduction to artificial intelligence,c,exact match,0.6,0.6,exact,best introduction to artificial intelligence,c,exact match,0.6,0.6,,
ai generated courses,usa,exact match,2.48,20.25,exact,ai generated courses,usa,exact match,2.48,20.25,,
artificial intelligence online program,a,exact match,2.16,6.96,exact,artificial intelligence online program,a,exact match,2.16,6.96,,
online artificial intelligence degree,b,phrase match,0.52,1.68,exact,online artificial intelligence degree,b,phrase match,0.52,1.68,,
executive education ai,b,phrase match,0.73,2.18,exact,executive education ai,b,phrase match,0.73,2.18,,
best courses on generative ai,c,phrase match,0.26,0.26,exact,best courses on generative ai,c,phrase match,0.26,0.26,,
online artificial intelligence degree,a,phrase match,2.05,3.48,exact,online artificial intelligence degree,a,phrase match,2.05,3.48,,
course generative ai,a,exact match,0.74,7.12,exact,course generative ai,a,exact match,0.74,7.12,,
artificial intelligence master online,b,phrase match,1.52,2.64,exact,artificial intelligence master online,b,phrase match,1.52,2.64,,
best course for artificial intelligence,b,phrase match,0.73,1.62,exact,best course for artificial intelligence,b,phrase match,0.73,1.62,,
ai short course,b,exact match,0.52,0.52,exact,ai short course,b,exact match,0.52,0.52,,
ai for executives course,usa,phrase match,3.18,18.78,exact,ai for executives course,usa,phrase match,3.18,18.78,,
artificial intelligence online program,b,exact match,0.47,3.55,exact,artificial intelligence online program,b,exact match,0.47,3.55,,
ai for managers course,c,phrase match,0.14,0.14,exact,ai for managers course,c,phrase match,0.14,0.14,,
best generative ai course,c,phrase match,0.32,0.32,exact,best generative ai course,c,phrase match,0.32,0.32,,
generative ai stanford course,c,phrase match,0.62,0.62,exact,generative ai stanford course,c,phrase match,0.62,0.62,,
course generator ai,c,exact match,0.21,1.26,exact,course generator ai,c,exact match,0.21,1.26,,
online artificial intelligence degree,usa,phrase match,2.23,9.84,exact,online artificial intelligence degree,usa,phrase match,2.23,9.84,,
stanford online artificial intelligence course,usa,exact match,3.19,17.08,exact,stanford online artificial intelligence course,usa,exact match,3.19,17.08,,
artificial intelligence master's degree online,c,exact match,0.78,0.78,exact,artificial intelligence master's degree online,c,exact match,0.78,0.78,,
machine learning engineer training,usa,phrase match,2.8,4.1,exact,machine learning engineer training,usa,phrase match,2.8,4.1,,
generative ai online course,a,phrase match,0.66,5.56,exact,generative ai online course,a,phrase match,0.66,5.56,,
certification for artificial intelligence,b,exact match,0.28,10.45,exact,certification for artificial intelligence,b,exact match,0.28,10.45,,
ai for enterprise,a,phrase match,0.74,9.6,exact,ai for enterprise,a,phrase match,0.74,9.6,,
best course on generative ai,a,exact match,1.96,4.03,exact,best course on generative ai,a,exact match,1.96,4.03,,
ai short course,a,phrase match,1.35,4.93,exact,ai short course,a,phrase match,1.35,4.93,,
artificial intelligence summer course,c,phrase match,0.44,0.44,exact,artificial intelligence summer course,c,phrase match,0.44,0.44,,
best ai certification,usa,phrase match,5.82,21.71,exact,best ai certification,usa,phrase match,5.82,21.71,,
generative ai course stanford,usa,phrase match,3.07,16.0,exact,generative ai course stanford,usa,phrase match,3.07,16.0,,
ai strategy course,usa,phrase match,2.91,23.15,exact,ai strategy course,usa,phrase match,2.91,23.15,,
bootcamp ai,usa,exact match,1.6,23.71,exact,bootcamp ai,usa,exact match,1.6,23.71,,
generative ai course mit,a,phrase match,1.1,48.2,exact,generative ai course mit,a,phrase match,1.1,48.2,,
artificial intelligence workshop,usa,exact match,3.65,8.87,exact,artificial intelligence workshop,usa,exact match,3.65,8.87,,
mit artificial intelligence course,b,exact match,0.26,25.99,exact,mit artificial intelligence course,b,exact match,0.26,25.99,,
bootcamp ai,c,phrase match,0.48,0.48,exact,bootcamp ai,c,phrase match,0.48,0.48,,
best courses on generative ai,a,exact match,0.38,1.65,exact,best courses on generative ai,a,exact match,0.38,1.65,,
best course for artificial intelligence,a,exact match,1.56,3.74,exact,best course for artificial intelligence,a,exact match,1.56,3.74,,
ai courses for executives,b,phrase match,3.29,3.29,exact,ai courses for executives,b,phrase match,3.29,3.29,,
artificial intelligence master online,b,exact match,0.01,1.86,exact,artificial intelligence master online,b,exact match,0.01,1.86,,
stanford generative ai course,usa,phrase match,3.45,6.73,exact,stanford generative ai course,usa,phrase match,3.45,6.73,,
course in generative ai,usa,exact match,2.78,21.82,exact,course in generative ai,usa,exact match,2.78,21.82,,
best ai classes online,usa,exact match,4.14,11.61,exact,best ai classes online,usa,exact match,4.14,11.61,,
ai for executives course,usa,exact match,3.68,7.18,exact,ai for executives course,usa,exact match,3.68,7.18,,
ai for executives course,a,exact match,10.25,10.25,exact,ai for executives course,a,exact match,10.25,10.25,,
course in generative ai,b,phrase match,0.26,2.66,exact,course in generative ai,b,phrase match,0.26,2.66,,
best courses on artificial intelligence,b,exact match,0.31,0.31,exact,best courses on artificial intelligence,b,exact match,0.31,0.31,,
ai short course,usa,exact match,8.83,8.83,exact,ai short course,usa,exact match,8.83,8.83,,
best course on generative ai,usa,phrase match,5.53,12.45,exact,best course on generative ai,usa,phrase match,5.53,12.45,,
ai certification classes,usa,exact match,1.69,9.95,exact,ai certification classes,usa,exact match,1.69,9.95,,
best course on artificial intelligence,b,exact match,0.28,14.57,exact,best course on artificial intelligence,b,exact match,0.28,14.57,,
professional certificate program in machine learning and artificial intelligence,usa,exact match,6.17,8.46,exact,professional certificate program in machine learning and artificial intelligence,usa,exact match,6.17,8.46,,
course generator ai,a,phrase match,0.38,1.68,exact,course generator ai,a,phrase match,0.38,1.68,,
ai for enterprise,usa,exact match,15.25,15.25,exact,ai for enterprise,usa,exact match,15.25,15.25,,
what to study to become artificial intelligence engineer,usa,phrase match,4.16,11.26,exact,what to study to become artificial intelligence engineer,usa,phrase match,4.16,11.26,,
artificial intelligence summer course,usa,exact match,4.39,11.01,exact,artificial intelligence summer course,usa,exact match,4.39,11.01,,
course in generative ai,a,exact match,1.1,3.15,exact,course in generative ai,a,exact match,1.1,3.15,,
best introduction to artificial intelligence,a,exact match,0.8,4.84,exact,best introduction to artificial intelligence,a,exact match,0.8,4.84,,
online ai and ml courses,usa,exact match,6.23,47.52,exact,online ai and ml courses,usa,exact match,6.23,47.52,,
generative ai courses online,b,phrase match,0.37,1.39,exact,generative ai courses online,b,phrase match,0.37,1.39,,
artificial intelligence for engineering,a,exact match,0.89,0.89,exact,artificial intelligence for engineering,a,exact match,0.89,0.89,,
ai for managers course,usa,exact match,2.33,18.43,exact,ai for managers course,usa,exact match,2.33,18.43,,
ai learning course,a,exact match,1.05,35.24,exact,ai learning course,a,exact match,1.05,35.24,,
ai courses for executives,b,exact match,1.33,1.33,exact,ai courses for executives,b,exact match,1.33,1.33,,
course generator ai,a,exact match,1.08,1.19,exact,course generator ai,a,exact match,1.08,1.19,,
ai for engineering,a,exact match,1.43,1.43,exact,ai for engineering,a,exact match,1.43,1.43,,
course generator ai,b,exact match,0.38,0.49,exact,course generator ai,b,exact match,0.38,0.49,,
ai certification courses,a,exact match,1.77,2.66,exact,ai certification courses,a,exact match,1.77,2.66,,
ai for managers course,a,exact match,1.32,5.35,exact,ai for managers course,a,exact match,1.32,5.35,,
ai for business,b,exact match,0.33,1.06,exact,ai for business,b,exact match,0.33,1.06,,
stanford online artificial intelligence course,a,exact match,2.54,2.81,exact,stanford online artificial intelligence course,a,exact match,2.54,2.81,,
best course for artificial intelligence,b,exact match,0.33,0.76,exact,best course for artificial intelligence,b,exact match,0.33,0.76,,
best generative ai course,a,phrase match,0.68,2.35,exact,best generative ai course,a,phrase match,0.68,2.35,,
artificial intelligence for engineering,usa,exact match,3.8,8.46,exact,artificial intelligence for engineering,usa,exact match,3.8,8.46,,
ai for engineers,a,exact match,1.79,1.79,exact,ai for engineers,a,exact match,1.79,1.79,,
online artificial intelligence degree,a,exact match,1.85,1.99,exact,online artificial intelligence degree,a,exact match,1.85,1.99,,
ai certification mit,b,exact match,2.75,14.66,exact,ai certification mit,b,exact match,2.75,14.66,,
artificial intelligence specialist certification,b,exact match,1.57,1.57,exact,artificial intelligence specialist certification,b,exact match,1.57,1.57,,
best generative ai course,a,exact match,0.42,2.55,exact,best generative ai course,a,exact match,0.42,2.55,,
artificial intelligence for engineers,b,exact match,0.44,1.75,exact,artificial intelligence for engineers,b,exact match,0.44,1.75,,
executive education ai,usa,exact match,7.46,19.65,exact,executive education ai,usa,exact match,7.46,19.65,,
best generative ai course,b,exact match,0.67,0.67,exact,best generative ai course,b,exact match,0.67,0.67,,
artificial intelligence bootcamp online,usa,phrase match,2.38,2.38,exact,artificial intelligence bootcamp online,usa,phrase match,2.38,2.38,,
graduate certificate artificial intelligence,usa,exact match,6.91,6.91,exact,graduate certificate artificial intelligence,usa,exact match,6.91,6.91,,
ai for enterprise,b,phrase match,0.49,0.82,exact,ai for enterprise,b,phrase match,0.49,0.82,,
ai for engineering,usa,exact match,7.33,11.1,exact,ai for engineering,usa,exact match,7.33,11.1,,
ai for engineers,usa,exact match,9.74,9.74,exact,ai for engineers,usa,exact match,9.74,9.74,,
executive education ai,a,exact match,4.86,4.86,exact,executive education ai,a,exact match,4.86,4.86,,
best courses on generative ai,b,phrase match,0.33,3.85,exact,best courses on generative ai,b,phrase match,0.33,3.85,,
ai for executives course,c,phrase match,2.59,2.62,exact,ai for executives course,c,phrase match,2.59,2.62,,
generative ai online course,c,exact match,4.5,4.5,exact,generative ai online course,c,exact match,4.5,4.5,,
best courses on generative ai,c,exact match,2.16,3.13,exact,best courses on generative ai,c,exact match,2.16,3.13,,
best generative ai course,c,exact match,0.85,1.85,exact,best generative ai course,c,exact match,0.85,1.85,,
artificial intelligence master online,c,phrase match,1.56,5.23,exact,artificial intelligence master online,c,phrase match,1.56,5.23,,
ai for executives course,b,exact match,4.31,4.31,exact,ai for executives course,b,exact match,4.31,4.31,,
professional certificate program in machine learning and artificial intelligence,c,phrase match,1.96,1.96,exact,professional certificate program in machine learning and artificial intelligence,c,phrase match,1.96,1.96,,
courses in generative ai,a,phrase match,3.26,26.11,exact,courses in generative ai,a,phrase match,3.26,26.11,,
northeastern university artificial intelligence,usa,exact match,15.3,15.3,exact,northeastern university artificial intelligence,usa,exact match,15.3,15.3,,
ai strategy course,usa,exact match,10.92,10.92,exact,ai strategy course,usa,exact match,10.92,10.92,,
mit xpro ai,usa,phrase match,7.4,15.06,exact,mit xpro ai,usa,phrase match,7.4,15.06,,
driving innovation with generative ai mit,usa,phrase match,5.61,42.41,exact,driving innovation with generative ai mit,usa,phrase match,5.61,42.41,,
generative ai certificate course,a,exact match,1.34,16.85,exact,generative ai certificate course,a,exact match,1.34,16.85,,
prompt engineering course,b,exact match,0.38,22.36,exact,prompt engineering course,b,exact match,0.38,22.36,,
introduction to generative ai,b,exact match,0.27,22.75,exact,introduction to generative ai,b,exact match,0.27,22.75,,
prompt engineering course,a,exact match,1.43,94.69,exact,prompt engineering course,a,exact match,1.43,94.69,,
best ai courses 2025,b,exact match,19.49,19.49,exact,best ai courses 2025,b,exact match,19.49,19.49,,
ai prompt engineering course,b,exact match,0.26,16.6,exact,ai prompt engineering course,b,exact match,0.26,16.6,,
designing and building ai products and services,usa,exact match,4.28,30.06,exact,designing and building ai products and services,usa,exact match,4.28,30.06,,
harvard ai course,usa,exact match,1.86,13.44,exact,harvard ai course,usa,exact match,1.86,13.44,,
coursera generative ai,usa,exact match,1.66,11.79,exact,coursera generative ai,usa,exact match,1.66,11.79,,
generative ai course online,b,exact match,10.83,10.83,exact,generative ai course online,b,exact match,10.83,10.83,,
prompt engineering course,usa,exact match,1.94,15.37,exact,prompt engineering course,usa,exact match,1.94,15.37,,
no code ai and machine learning building data science solutions,usa,exact match,3.88,48.42,exact,no code ai and machine learning building data science solutions,usa,exact match,3.88,48.42,,
ai prompt engineering course,usa,exact match,3.47,11.09,exact,ai prompt engineering course,usa,exact match,3.47,11.09,,
artificial intelligence certification mit,a,exact match,1.41,21.35,exact,artificial intelligence certification mit,a,exact match,1.41,21.35,,
harvard ai course,a,exact match,0.66,8.68,exact,harvard ai course,a,exact match,0.66,8.68,,
artificial intelligence certification mit,usa,exact match,3.48,18.72,exact,artificial intelligence certification mit,usa,exact match,3.48,18.72,,
large language model course,usa,exact match,2.19,19.57,exact,large language model course,usa,exact match,2.19,19.57,,
introduction to generative ai,usa,exact match,1.76,9.97,exact,introduction to generative ai,usa,exact match,1.76,9.97,,
generative ai certificate course,usa,exact match,3.25,31.29,exact,generative ai certificate course,usa,exact match,3.25,31.29,,
generative ai online program,usa,exact match,3.84,6.37,exact,generative ai online program,usa,exact match,3.84,6.37,,
driving innovation with ai,usa,exact match,6.39,34.78,exact,driving innovation with ai,usa,exact match,6.39,34.78,,
ai executive education,a,exact match,19.79,27.79,exact,ai executive education,a,exact match,19.79,27.79,,
no code ai and machine learning building data science solutions,b,exact match,0.79,14.0,exact,no code ai and machine learning building data science solutions,b,exact match,0.79,14.0,,
ai graphic design course,b,exact match,0.63,3.21,exact,ai graphic design course,b,exact match,0.63,3.21,,
ai graphic design course,usa,exact match,4.13,10.32,exact,ai graphic design course,usa,exact match,4.13,10.32,,
no code ai and machine learning building data science solutions,a,exact match,2.86,16.0,exact,no code ai and machine learning building data science solutions,a,exact match,2.86,16.0,,
driving innovation with ai,b,exact match,1.85,1.85,exact,driving innovation with ai,b,exact match,1.85,1.85,,
harvard ai course,b,exact match,0.15,6.33,exact,harvard ai course,b,exact match,0.15,6.33,,
generative ai certificate program,usa,exact match,4.91,33.87,exact,generative ai certificate program,usa,exact match,4.91,33.87,,
large language model course,a,exact match,0.32,4.85,exact,large language model course,a,exact match,0.32,4.85,,
introduction to generative ai,a,exact match,1.2,10.27,exact,introduction to generative ai,a,exact match,1.2,10.27,,
generative ai certificate program,a,exact match,1.37,16.76,exact,generative ai certificate program,a,exact match,1.37,16.76,,
artificial intelligence certification mit,b,exact match,0.28,13.07,exact,artificial intelligence certification mit,b,exact match,0.28,13.07,,
ai upskilling programs,b,exact match,1.05,1.05,exact,ai upskilling programs,b,exact match,1.05,1.05,,
best ai courses 2025,a,exact match,2.84,2.84,exact,best ai courses 2025,a,exact match,2.84,2.84,,
driving innovation with ai,a,exact match,0.98,7.58,exact,driving innovation with ai,a,exact match,0.98,7.58,,
large language model course,b,exact match,0.23,3.92,exact,large language model course,b,exact match,0.23,3.92,,
generative ai fundamentals course,b,exact match,0.9,5.32,exact,generative ai fundamentals course,b,exact match,0.9,5.32,,
ai for product managers,b,exact match,1.21,2.06,exact,ai for product managers,b,exact match,1.21,2.06,,
ai course for business leaders,b,exact match,0.72,8.31,exact,ai course for business leaders,b,exact match,0.72,8.31,,
best online courses for learning generative ai,b,exact match,3.23,3.23,exact,best online courses for learning generative ai,b,exact match,3.23,3.23,,
best online courses for learning generative ai,usa,exact match,5.63,14.75,exact,best online courses for learning generative ai,usa,exact match,5.63,14.75,,
ai executive education,b,exact match,1.02,2.02,exact,ai executive education,b,exact match,1.02,2.02,,
generative ai foundations course,a,exact match,2.81,6.83,exact,generative ai foundations course,a,exact match,2.81,6.83,,
designing and building ai products and services,b,exact match,0.88,11.43,exact,designing and building ai products and services,b,exact match,0.88,11.43,,
coursera generative ai,b,exact match,0.41,1.29,exact,coursera generative ai,b,exact match,0.41,1.29,,
generative ai certificate course,b,exact match,1.14,6.78,exact,generative ai certificate course,b,exact match,1.14,6.78,,
mba in ai,usa,exact match,4.49,15.91,exact,mba in ai,usa,exact match,4.49,15.91,,
designing and building ai products and services,a,exact match,2.5,23.68,exact,designing and building ai products and services,a,exact match,2.5,23.68,,
controllable video generation,usa,exact match,2.46,2.46,exact,controllable video generation,usa,exact match,2.46,2.46,,
generative ai fundamentals course,usa,exact match,5.36,6.19,exact,generative ai fundamentals course,usa,exact match,5.36,6.19,,
ai for product managers,usa,exact match,6.68,6.84,exact,ai for product managers,usa,exact match,6.68,6.84,,
ai prompt engineering course,a,exact match,2.29,14.15,exact,ai prompt engineering course,a,exact match,2.29,14.15,,
generative ai certificate program,b,exact match,0.39,2.8,exact,generative ai certificate program,b,exact match,0.39,2.8,,
generative ai course for business leaders,usa,exact match,3.93,3.93,exact,generative ai course for business leaders,usa,exact match,3.93,3.93,,
best online courses for learning generative ai,a,exact match,2.54,2.57,exact,best online courses for learning generative ai,a,exact match,2.54,2.57,,
generative ai online program,b,exact match,0.79,0.79,exact,generative ai online program,b,exact match,0.79,0.79,,
ai innovation course,a,exact match,3.09,6.19,exact,ai innovation course,a,exact match,3.09,6.19,,
ai graphic design course,a,exact match,1.57,4.26,exact,ai graphic design course,a,exact match,1.57,4.26,,
mba in ai,b,exact match,1.89,1.89,exact,mba in ai,b,exact match,1.89,1.89,,
generative ai online program,a,exact match,3.53,3.53,exact,generative ai online program,a,exact match,3.53,3.53,,
learning chatgpt,usa,broad match,2.01,10.72,exact,learning chatgpt,usa,broad match,2.01,10.72,,
mit xpro designing and building ai products and services,usa,broad match,3.24,29.36,exact,mit xpro designing and building ai products and services,usa,broad match,3.24,29.36,,
ai class,usa,broad match,1.78,9.74,exact,ai class,usa,broad match,1.78,9.74,,
mit ai course,usa,broad match,2.59,15.65,exact,mit ai course,usa,broad match,2.59,15.65,,
mit ai certificate,usa,exact match,3.01,18.52,exact,mit ai certificate,usa,exact match,3.01,18.52,,
mit ai program,usa,broad match,5.65,8.8,exact,mit ai program,usa,broad match,5.65,8.8,,
ai certificate programs,usa,broad match,1.13,27.59,exact,ai certificate programs,usa,broad match,1.13,27.59,,
best ai certification,usa,broad match,1.2,9.76,exact,best ai certification,usa,broad match,1.2,9.76,,
generative ai certification,usa,broad match,1.1,10.21,exact,generative ai certification,usa,broad match,1.1,10.21,,
gen ai courses,usa,broad match,1.47,9.33,exact,gen ai courses,usa,broad match,1.47,9.33,,
stanford ai certificate,usa,exact match,3.5,15.51,exact,stanford ai certificate,usa,exact match,3.5,15.51,,
harvard ai certificate,usa,exact match,3.51,9.97,exact,harvard ai certificate,usa,exact match,3.51,9.97,,
stanford ai professional program,usa,broad match,1.78,8.66,exact,stanford ai professional program,usa,broad match,1.78,8.66,,
mit ai course,a,broad match,1.8,16.45,exact,mit ai course,a,broad match,1.8,16.45,,
mit ai courses,a,broad match,0.47,13.49,exact,mit ai courses,a,broad match,0.47,13.49,,
best ai courses,b,broad match,0.58,2.63,exact,best ai courses,b,broad match,0.58,2.63,,
learn prompt engineering,b,broad match,0.09,1.55,exact,learn prompt engineering,b,broad match,0.09,1.55,,
mit applied generative ai,usa,broad match,3.01,16.82,exact,mit applied generative ai,usa,broad match,3.01,16.82,,
ai diploma,a,broad match,0.69,5.07,exact,ai diploma,a,broad match,0.69,5.07,,
online ai training courses,b,broad match,0.38,1.02,exact,online ai training courses,b,broad match,0.38,1.02,,
mit generative ai,b,broad match,0.46,4.96,exact,mit generative ai,b,broad match,0.46,4.96,,
mit ai courses,usa,exact match,1.3,22.97,exact,mit ai courses,usa,exact match,1.3,22.97,,
generative ai crash course,b,exact match,0.47,0.47,exact,generative ai crash course,b,exact match,0.47,0.47,,
best prompting courses,b,broad match,0.06,2.02,exact,best prompting courses,b,broad match,0.06,2.02,,
ai for business leaders,b,exact match,0.71,0.71,exact,ai for business leaders,b,exact match,0.71,0.71,,
mit,usa,broad match,3.3,11.77,exact,mit,usa,broad match,3.3,11.77,,
applied gen ai for digital transformation mit,b,broad match,0.19,4.79,exact,applied gen ai for digital transformation mit,b,broad match,0.19,4.79,,
mitx,usa,broad match,2.12,17.29,exact,mitx,usa,broad match,2.12,17.29,,
google's introduction to generative ai,usa,broad match,1.47,9.3,exact,google's introduction to generative ai,usa,broad match,1.47,9.3,,
stanford agentic ai course,usa,broad match,2.0,11.61,exact,stanford agentic ai course,usa,broad match,2.0,11.61,,
designing ai products and services,b,broad match,0.16,1.33,exact,designing ai products and services,b,broad match,0.16,1.33,,
driving innovation with ai mit xpro,a,exact match,0.81,0.81,exact,driving innovation with ai mit xpro,a,exact match,0.81,0.81,,
ai for executives,b,exact match,1.45,1.45,exact,ai for executives,b,exact match,1.45,1.45,,
genai for digital transformation,usa,exact match,5.38,10.86,exact,genai for digital transformation,usa,exact match,5.38,10.86,,
executive education ai,b,exact match,1.05,1.05,exact,executive education ai,b,exact match,1.05,1.05,,
generative ai foundations course,usa,exact match,2.69,5.86,exact,generative ai foundations course,usa,exact match,2.69,5.86,,
genai for digital transformation,a,exact match,3.57,8.09,exact,genai for digital transformation,a,exact match,3.57,8.09,,
driving innovation with ai mit xpro,usa,exact match,2.64,34.64,exact,driving innovation with ai mit xpro,usa,exact match,2.64,34.64,,
generative ai fundamentals course,a,exact match,3.8,3.8,exact,generative ai fundamentals course,a,exact match,3.8,3.8,,
prompt engineering course,b,phrase match,1.99,1.99,exact,prompt engineering course,b,phrase match,1.99,1.99,,
online generative ai course,b,phrase match,1.38,1.38,exact,online generative ai course,b,phrase match,1.38,1.38,,
mit generative ai course,usa,broad match,1.06,8.47,exact,mit generative ai course,usa,broad match,1.06,8.47,,
prompt engineering course,a,phrase match,0.76,1.44,exact,prompt engineering course,a,phrase match,0.76,1.44,,
generative ai certification online,a,phrase match,1.6,3.54,exact,generative ai certification online,a,phrase match,1.6,3.54,,
generative ai for business,b,exact match,0.63,0.63,exact,generative ai for business,b,exact match,0.63,0.63,,
generative ai online training,usa,phrase match,0.9,6.09,exact,generative ai online training,usa,phrase match,0.9,6.09,,
generative ai course mit,a,broad match,0.85,0.85,exact,generative ai course mit,a,broad match,0.85,0.85,,
mit generative ai course,a,broad match,1.09,1.09,exact,mit generative ai course,a,broad match,1.09,1.09,,
generative ai fundamentals,a,exact match,2.42,2.54,exact,generative ai fundamentals,a,exact match,2.42,2.54,,
mit xpro ai course,a,exact match,0.82,2.37,exact,mit xpro ai course,a,exact match,0.82,2.37,,
professional ai certificate,a,phrase match,2.1,2.1,exact,professional ai certificate,a,phrase match,2.1,2.1,,
generative ai course mit,b,broad match,0.9,0.9,exact,generative ai course mit,b,broad match,0.9,0.9,,
mit generative ai course,b,broad match,0.65,0.65,exact,mit generative ai course,b,broad match,0.65,0.65,,
generative ai certification online,b,phrase match,0.69,0.69,exact,generative ai certification online,b,phrase match,0.69,0.69,,
mit ai course,a,phrase match,0.56,1.16,exact,mit ai course,a,phrase match,0.56,1.16,,
