keyword,region,match,bid,predicted_clicks,predicted_epc,conv_value,cost,profit,hist_min_cpc,hist_avg_cpc,hist_max_cpc
ai generated interactive courses,A,Phrase match,0.55,20.09,5.61,112.63,11.05,101.58,,,
ai generative engine optimization course,A,Broad match,0.55,20.91,6.60,137.97,11.50,126.46,,,
ai generated interactive courses,A,Exact match,0.55,19.92,5.61,111.65,10.96,100.70,,,
ai generated online course site,A,Exact match,0.55,19.75,6.02,118.83,10.86,107.96,,,
ai course title generator,A,Broad match,0.55,20.75,5.84,121.23,11.41,109.82,,,
ai generative content microsoft course,A,Exact match,0.55,19.95,6.02,120.03,10.97,109.06,,,
artificial intelligence short course online,A,Phrase match,0.55,20.05,5.63,112.95,11.03,101.93,,,
ai course script generator,A,Phrase match,0.55,19.96,5.61,111.88,10.98,100.90,,,
ai course content generator,A,Broad match,0.55,20.80,5.61,116.58,11.44,105.14,,,
ai course script generator,A,Broad match,0.55,20.80,5.61,116.59,11.44,105.15,,,
ai generative content microsoft course,A,Phrase match,0.55,20.13,6.02,121.15,11.07,110.08,,,
ai generated online course site,USA,Broad match,0.55,21.59,6.02,129.91,11.87,118.04,,,
adobe generative ai content creation course,C,Exact match,0.55,19.84,5.30,105.22,10.91,94.31,,,
ai course script generator,C,Exact match,0.55,19.87,4.89,97.19,10.93,86.26,,,
ai prompt engineering course,USA,Exact match,0.55,19.94,6.02,119.96,10.96,108.99,3.47,6.30,11.09
ai content generation course,A,Exact match,0.55,20.00,6.02,120.38,11.00,109.37,,,
ai content generation course,B,Exact match,0.55,19.90,6.02,119.72,10.94,108.77,,,
ai generated online course site,USA,Exact match,0.55,19.90,6.02,119.73,10.94,108.78,,,
ai animation generator course,A,Broad match,0.55,20.49,5.61,114.83,11.27,103.57,,,
adobe generative ai content creation course,USA,Exact match,0.55,19.98,6.02,120.21,10.99,109.22,,,
ai animation video generator course,B,Exact match,0.55,19.70,5.61,110.43,10.84,99.59,,,
ai course script generator,USA,Exact match,0.55,20.00,5.61,112.14,11.00,101.14,,,
adobe generative ai course,C,Exact match,0.55,20.07,5.30,106.42,11.04,95.39,,,
ai animation generator course,C,Exact match,0.55,19.83,4.89,96.99,10.91,86.08,,,
ai animation generator course,USA,Exact match,0.55,19.96,5.61,111.91,10.98,100.93,,,
ai prompt engineering course,B,Exact match,0.55,19.78,6.02,119.04,10.88,108.16,0.26,3.42,16.60
adobe generative ai content creation course,B,Broad match,0.55,20.51,6.02,123.39,11.28,112.11,,,
adobe generative ai content creation course,USA,Broad match,0.55,21.21,6.02,127.63,11.67,115.97,,,
ai animation video generator course,A,Phrase match,0.55,20.00,5.61,112.10,11.00,101.10,,,
5 day generative ai course google,USA,Exact match,0.55,20.03,6.02,120.55,11.02,109.53,,,
ai course outline generator,C,Exact match,0.55,19.92,4.51,89.81,10.96,78.85,,,
ai graphic design course,B,Exact match,0.55,19.84,5.63,111.77,10.91,100.86,0.63,1.78,3.21
ai graphic design course,C,Exact match,0.55,19.93,4.92,98.05,10.96,87.09,,,
ai animation video generator course,USA,Exact match,0.55,19.93,5.61,111.70,10.96,100.74,,,
adobe generative ai course,A,Phrase match,0.55,20.05,6.02,120.66,11.03,109.63,,,
ai generate course,B,Phrase match,0.34,20.03,5.58,111.84,6.81,105.02,,,
ai for managers course,C,Phrase match,0.19,19.93,4.26,84.99,3.79,81.21,0.14,0.14,0.14
5 day generative ai course google,A,Broad match,0.00,20.81,4.40,91.54,0.00,91.54,,,
5 day generative ai course google,A,Exact match,0.00,19.73,4.40,86.77,0.00,86.77,,,
5 day generative ai course google,A,Phrase match,0.00,19.66,4.40,86.47,0.00,86.47,,,
5 day generative ai course google,B,Broad match,0.00,20.81,4.40,91.51,0.00,91.51,,,
5 day generative ai course google,B,Exact match,0.00,19.74,4.40,86.83,0.00,86.83,,,
5 day generative ai course google,B,Phrase match,0.00,19.65,4.40,86.44,0.00,86.44,,,
5 day generative ai course google,C,Broad match,0.00,21.31,3.68,78.51,0.00,78.51,,,
5 day generative ai course google,C,Exact match,0.00,19.83,3.68,73.06,0.00,73.06,,,
5 day generative ai course google,C,Phrase match,0.00,19.74,3.68,72.74,0.00,72.74,,,
5 day generative ai course google,USA,Broad match,0.00,21.18,4.40,93.15,0.00,93.15,,,
5 day generative ai course google,USA,Phrase match,0.00,20.24,4.40,89.03,0.00,89.03,,,
academy lms course content ai generator addon,A,Broad match,0.00,23.14,4.40,101.77,0.00,101.77,,,
academy lms course content ai generator addon,A,Exact match,0.00,22.19,4.40,97.58,0.00,97.58,,,
academy lms course content ai generator addon,A,Phrase match,0.00,22.30,4.40,98.09,0.00,98.09,,,
academy lms course content ai generator addon,B,Broad match,0.00,22.71,4.40,99.90,0.00,99.90,,,
academy lms course content ai generator addon,B,Exact match,0.00,21.88,4.40,96.24,0.00,96.24,,,
academy lms course content ai generator addon,B,Phrase match,0.00,21.88,4.40,96.22,0.00,96.22,,,
academy lms course content ai generator addon,C,Broad match,0.00,23.02,3.68,84.81,0.00,84.81,,,
academy lms course content ai generator addon,C,Exact match,0.00,22.05,3.68,81.23,0.00,81.23,,,
academy lms course content ai generator addon,C,Phrase match,0.00,22.05,3.68,81.22,0.00,81.22,,,
academy lms course content ai generator addon,USA,Broad match,0.00,22.88,4.40,100.65,0.00,100.65,,,
academy lms course content ai generator addon,USA,Exact match,0.00,22.11,4.40,97.25,0.00,97.25,,,
academy lms course content ai generator addon,USA,Phrase match,0.00,22.11,4.40,97.24,0.00,97.24,,,
adobe generative ai content creation course,A,Broad match,0.00,20.30,4.40,89.27,0.00,89.27,,,
adobe generative ai content creation course,A,Exact match,0.00,19.81,4.40,87.13,0.00,87.13,,,
adobe generative ai content creation course,A,Phrase match,0.00,19.96,4.40,87.80,0.00,87.80,,,
adobe generative ai content creation course,B,Exact match,0.00,19.75,4.40,86.87,0.00,86.87,,,
adobe generative ai content creation course,B,Phrase match,0.00,19.86,4.40,87.34,0.00,87.34,,,
adobe generative ai content creation course,C,Broad match,0.00,20.57,3.68,75.77,0.00,75.77,,,
adobe generative ai content creation course,C,Phrase match,0.00,19.95,3.68,73.50,0.00,73.50,,,
adobe generative ai content creation course,USA,Phrase match,0.00,20.09,4.40,88.34,0.00,88.34,,,
adobe generative ai course,A,Broad match,0.00,20.67,4.40,90.89,0.00,90.89,,,
adobe generative ai course,A,Exact match,0.00,20.05,4.40,88.18,0.00,88.18,,,
adobe generative ai course,B,Broad match,0.00,20.44,4.40,89.88,0.00,89.88,,,
adobe generative ai course,B,Exact match,0.00,19.98,4.40,87.86,0.00,87.86,,,
adobe generative ai course,B,Phrase match,0.00,19.91,4.40,87.57,0.00,87.57,,,
adobe generative ai course,C,Broad match,0.00,20.81,3.68,76.66,0.00,76.66,,,
adobe generative ai course,C,Phrase match,0.00,20.00,3.68,73.68,0.00,73.68,,,
adobe generative ai course,USA,Broad match,0.00,21.14,4.40,92.98,0.00,92.98,,,
adobe generative ai course,USA,Exact match,0.00,20.30,4.40,89.27,0.00,89.27,,,
adobe generative ai course,USA,Phrase match,0.00,20.23,4.40,88.97,0.00,88.97,,,
advanced generative ai course,A,Broad match,0.00,20.96,5.53,115.95,0.00,115.95,,,
advanced generative ai course,A,Exact match,0.00,19.96,5.53,110.42,0.00,110.42,,,
advanced generative ai course,A,Phrase match,0.00,20.07,5.53,111.05,0.00,111.05,,,
advanced generative ai course,B,Broad match,0.00,21.02,5.53,116.29,0.00,116.29,,,
advanced generative ai course,B,Exact match,0.00,19.89,5.53,110.02,0.00,110.02,,,
advanced generative ai course,B,Phrase match,0.00,19.98,5.53,110.54,0.00,110.54,,,
advanced generative ai course,C,Broad match,0.00,21.36,4.82,102.94,0.00,102.94,,,
advanced generative ai course,C,Exact match,0.00,19.98,4.82,96.26,0.00,96.26,,,
advanced generative ai course,C,Phrase match,0.00,20.07,4.82,96.71,0.00,96.71,,,
advanced generative ai course,USA,Broad match,0.00,21.11,5.53,116.80,0.00,116.80,,,
advanced generative ai course,USA,Exact match,0.00,20.04,5.53,110.87,0.00,110.87,,,
advanced generative ai course,USA,Phrase match,0.00,20.13,5.53,111.39,0.00,111.39,,,
advanced generative ai courses,A,Broad match,0.00,20.90,5.77,120.58,0.00,120.58,,,
advanced generative ai courses,A,Exact match,0.00,19.93,5.77,114.99,0.00,114.99,,,
advanced generative ai courses,A,Phrase match,0.00,20.14,5.77,116.19,0.00,116.19,,,
advanced generative ai courses,B,Broad match,0.00,20.89,5.77,120.50,0.00,120.50,,,
advanced generative ai courses,B,Exact match,0.00,19.86,5.77,114.57,0.00,114.57,,,
advanced generative ai courses,B,Phrase match,0.00,19.97,5.77,115.22,0.00,115.22,,,
advanced generative ai courses,C,Broad match,0.00,21.23,5.05,107.33,0.00,107.33,,,
advanced generative ai courses,C,Exact match,0.00,19.95,5.05,100.85,0.00,100.85,,,
advanced generative ai courses,C,Phrase match,0.00,20.06,5.05,101.41,0.00,101.41,,,
advanced generative ai courses,USA,Broad match,0.00,20.98,5.77,121.03,0.00,121.03,,,
advanced generative ai courses,USA,Exact match,0.00,20.01,5.77,115.45,0.00,115.45,,,
advanced generative ai courses,USA,Phrase match,0.00,20.12,5.77,116.10,0.00,116.10,,,
ai and generative ai course,A,Broad match,0.00,20.72,4.98,103.18,0.00,103.18,,,
ai and generative ai course,A,Exact match,0.00,20.01,4.98,99.63,0.00,99.63,,,
ai and generative ai course,A,Phrase match,0.00,20.04,4.98,99.79,0.00,99.79,,,
ai and generative ai course,B,Broad match,0.00,20.63,4.98,102.72,0.00,102.72,,,
ai and generative ai course,B,Exact match,0.00,19.90,4.98,99.09,0.00,99.09,,,
ai and generative ai course,B,Phrase match,0.00,19.95,4.98,99.33,0.00,99.33,,,
ai and generative ai course,C,Broad match,0.00,21.09,4.26,89.92,0.00,89.92,,,
ai and generative ai course,C,Exact match,0.00,19.99,4.26,85.26,0.00,85.26,,,
ai and generative ai course,C,Phrase match,0.00,20.04,4.26,85.47,0.00,85.47,,,
ai and generative ai course,USA,Broad match,0.00,20.65,4.98,102.79,0.00,102.79,,,
ai and generative ai course,USA,Exact match,0.00,20.15,4.98,100.31,0.00,100.31,,,
ai and generative ai course,USA,Phrase match,0.00,20.20,4.98,100.55,0.00,100.55,,,
ai animation generator course,A,Exact match,0.00,19.85,3.99,79.12,0.00,79.12,,,
ai animation generator course,A,Phrase match,0.00,20.00,3.99,79.74,0.00,79.74,,,
ai animation generator course,B,Broad match,0.00,20.34,3.99,81.09,0.00,81.09,,,
ai animation generator course,B,Exact match,0.00,19.74,3.99,78.68,0.00,78.68,,,
ai animation generator course,B,Phrase match,0.00,19.77,3.99,78.83,0.00,78.83,,,
ai animation generator course,C,Broad match,0.00,20.78,3.27,68.00,0.00,68.00,,,
ai animation generator course,C,Phrase match,0.00,19.87,3.27,65.00,0.00,65.00,,,
ai animation generator course,USA,Broad match,0.00,21.05,3.99,83.90,0.00,83.90,,,
ai animation generator course,USA,Phrase match,0.00,20.00,3.99,79.73,0.00,79.73,,,
ai animation video generator course,A,Broad match,0.00,20.64,3.99,82.29,0.00,82.29,,,
ai animation video generator course,A,Exact match,0.00,19.93,3.99,79.44,0.00,79.44,,,
ai animation video generator course,B,Broad match,0.00,20.30,3.99,80.91,0.00,80.91,,,
ai animation video generator course,B,Phrase match,0.00,19.74,3.99,78.68,0.00,78.68,,,
ai animation video generator course,C,Broad match,0.00,20.80,3.27,68.07,0.00,68.07,,,
ai animation video generator course,C,Exact match,0.00,19.79,3.27,64.76,0.00,64.76,,,
ai animation video generator course,C,Phrase match,0.00,19.83,3.27,64.88,0.00,64.88,,,
ai animation video generator course,USA,Broad match,0.00,21.00,3.99,83.71,0.00,83.71,,,
ai animation video generator course,USA,Phrase match,0.00,19.96,3.99,79.58,0.00,79.58,,,
ai art generation course,A,Broad match,0.00,20.31,4.63,94.12,0.00,94.12,,,
ai art generation course,A,Exact match,0.00,19.80,4.63,91.76,0.00,91.76,,,
ai art generation course,A,Phrase match,0.00,19.96,4.63,92.49,0.00,92.49,,,
ai art generation course,B,Broad match,0.00,20.08,4.63,93.06,0.00,93.06,,,
ai art generation course,B,Exact match,0.00,19.69,4.63,91.25,0.00,91.25,,,
ai art generation course,B,Phrase match,0.00,19.73,4.63,91.43,0.00,91.43,,,
ai art generation course,C,Broad match,0.00,20.67,3.92,81.03,0.00,81.03,,,
ai art generation course,C,Exact match,0.00,19.78,3.92,77.55,0.00,77.55,,,
ai art generation course,C,Phrase match,0.00,19.82,3.92,77.69,0.00,77.69,,,
ai art generation course,USA,Broad match,0.00,20.78,4.63,96.33,0.00,96.33,,,
ai art generation course,USA,Exact match,0.00,19.92,4.63,92.30,0.00,92.30,,,
ai art generation course,USA,Phrase match,0.00,19.95,4.63,92.48,0.00,92.48,,,
ai art generator course,A,Broad match,0.00,19.99,4.63,92.63,0.00,92.63,,,
ai art generator course,A,Exact match,0.00,19.85,4.63,91.99,0.00,91.99,,,
ai art generator course,A,Phrase match,0.00,19.77,4.63,91.65,0.00,91.65,,,
ai art generator course,B,Broad match,0.00,19.76,4.63,91.57,0.00,91.57,,,
ai art generator course,B,Exact match,0.00,19.74,4.63,91.48,0.00,91.48,,,
ai art generator course,B,Phrase match,0.00,19.54,4.63,90.58,0.00,90.58,,,
ai art generator course,C,Broad match,0.00,20.34,3.92,79.76,0.00,79.76,,,
ai art generator course,C,Exact match,0.00,19.83,3.92,77.74,0.00,77.74,,,
ai art generator course,C,Phrase match,0.00,19.64,3.92,76.98,0.00,76.98,,,
ai art generator course,USA,Broad match,0.00,20.68,4.63,95.85,0.00,95.85,,,
ai art generator course,USA,Exact match,0.00,19.97,4.63,92.53,0.00,92.53,,,
ai art generator course,USA,Phrase match,0.00,20.07,4.63,93.01,0.00,93.01,,,
ai certificate programs,A,Broad match,0.00,20.68,4.82,99.72,0.00,99.72,,,
ai certificate programs,A,Exact match,0.00,19.84,4.82,95.66,0.00,95.66,,,
ai certificate programs,A,Phrase match,0.00,20.23,4.82,97.53,0.00,97.53,,,
ai certificate programs,B,Broad match,0.00,21.31,4.82,102.74,0.00,102.74,,,
ai certificate programs,B,Exact match,0.00,19.73,4.82,95.10,0.00,95.10,,,
ai certificate programs,B,Phrase match,0.00,20.21,4.82,97.41,0.00,97.41,,,
ai certificate programs,C,Broad match,0.00,22.12,4.74,104.89,0.00,104.89,,,
ai certificate programs,C,Exact match,0.00,19.96,4.74,94.62,0.00,94.62,,,
ai certificate programs,C,Phrase match,0.00,20.44,4.74,96.89,0.00,96.89,,,
ai certificate programs,USA,Broad match,0.00,21.48,4.82,103.56,0.00,103.56,1.13,5.99,27.59
ai certificate programs,USA,Exact match,0.00,19.94,4.82,96.15,0.00,96.15,,,
ai certificate programs,USA,Phrase match,0.00,20.50,4.82,98.81,0.00,98.81,,,
ai certification classes,A,Broad match,0.00,20.47,5.53,113.25,0.00,113.25,,,
ai certification classes,A,Exact match,0.00,19.72,5.53,109.09,0.00,109.09,,,
ai certification classes,A,Phrase match,0.00,19.68,5.53,108.89,0.00,108.89,,,
ai certification classes,B,Broad match,0.00,20.58,5.53,113.87,0.00,113.87,,,
ai certification classes,B,Exact match,0.00,19.74,5.53,109.19,0.00,109.19,,,
ai certification classes,B,Phrase match,0.00,19.79,5.53,109.50,0.00,109.50,,,
ai certification classes,C,Broad match,0.00,20.79,4.82,100.16,0.00,100.16,,,
ai certification classes,C,Exact match,0.00,19.83,4.82,95.53,0.00,95.53,,,
ai certification classes,C,Phrase match,0.00,19.88,4.82,95.81,0.00,95.81,0.54,0.55,0.57
ai certification classes,USA,Broad match,0.00,20.67,5.53,114.37,0.00,114.37,,,
ai certification classes,USA,Exact match,0.00,19.89,5.53,110.03,0.00,110.03,1.69,5.82,9.95
ai certification classes,USA,Phrase match,0.00,19.95,5.53,110.35,0.00,110.35,1.91,3.84,5.79
ai certification cost,A,Broad match,0.00,21.14,4.78,101.09,0.00,101.09,,,
ai certification cost,A,Exact match,0.00,19.81,4.78,94.73,0.00,94.73,,,
ai certification cost,A,Phrase match,0.00,19.86,4.78,94.99,0.00,94.99,,,
ai certification cost,B,Broad match,0.00,21.06,4.78,100.70,0.00,100.70,,,
ai certification cost,B,Exact match,0.00,19.85,4.78,94.93,0.00,94.93,,,
ai certification cost,B,Phrase match,0.00,19.97,4.78,95.51,0.00,95.51,,,
ai certification cost,C,Broad match,0.00,21.48,4.70,101.00,0.00,101.00,,,
ai certification cost,C,Exact match,0.00,19.94,4.70,93.76,0.00,93.76,,,
ai certification cost,C,Phrase match,0.00,20.06,4.70,94.34,0.00,94.34,,,
ai certification cost,USA,Broad match,0.00,21.13,4.78,101.06,0.00,101.06,,,
ai certification cost,USA,Exact match,0.00,20.00,4.78,95.66,0.00,95.66,,,
ai certification cost,USA,Phrase match,0.00,20.12,4.78,96.24,0.00,96.24,,,
ai certification courses,A,Broad match,0.00,20.58,5.53,113.83,0.00,113.83,,,
ai certification courses,A,Exact match,0.00,19.64,5.53,108.65,0.00,108.65,1.77,2.29,2.66
ai certification courses,A,Phrase match,0.00,19.76,5.53,109.33,0.00,109.33,0.44,3.28,10.42
ai certification courses,B,Broad match,0.00,20.69,5.53,114.45,0.00,114.45,,,
ai certification courses,B,Exact match,0.00,19.66,5.53,108.75,0.00,108.75,0.15,0.83,1.33
ai certification courses,B,Phrase match,0.00,19.87,5.53,109.95,0.00,109.95,0.52,1.29,2.72
ai certification courses,C,Broad match,0.00,21.06,4.82,101.50,0.00,101.50,,,
ai certification courses,C,Exact match,0.00,19.75,4.82,95.15,0.00,95.15,0.44,0.44,0.44
ai certification courses,C,Phrase match,0.00,19.96,4.82,96.19,0.00,96.19,0.21,0.87,1.44
ai certification courses,USA,Broad match,0.00,20.78,5.53,114.96,0.00,114.96,,,
ai certification courses,USA,Exact match,0.00,19.88,5.53,110.00,0.00,110.00,1.29,8.73,18.35
ai certification courses,USA,Phrase match,0.00,20.10,5.53,111.20,0.00,111.20,1.85,7.80,25.30
ai certification mit,A,Broad match,0.00,20.69,5.17,107.00,0.00,107.00,,,
ai certification mit,A,Exact match,0.00,20.02,5.17,103.50,0.00,103.50,1.32,8.29,38.40
ai certification mit,A,Phrase match,0.00,19.99,5.17,103.35,0.00,103.35,,,
ai certification mit,B,Broad match,0.00,20.80,5.17,107.54,0.00,107.54,,,
ai certification mit,B,Exact match,0.00,20.00,5.17,103.39,0.00,103.39,2.75,7.54,14.66
ai certification mit,B,Phrase match,0.00,20.04,5.17,103.64,0.00,103.64,,,
ai certification mit,C,Broad match,0.00,21.30,4.46,94.94,0.00,94.94,,,
ai certification mit,C,Exact match,0.00,20.09,4.46,89.52,0.00,89.52,0.28,1.59,8.53
ai certification mit,C,Phrase match,0.00,20.13,4.46,89.73,0.00,89.73,,,
ai certification mit,USA,Broad match,0.00,20.89,5.17,108.01,0.00,108.01,,,
ai certification mit,USA,Exact match,0.00,20.22,5.17,104.56,0.00,104.56,0.01,12.93,39.03
ai certification mit,USA,Phrase match,0.00,20.27,5.17,104.81,0.00,104.81,1.20,11.48,29.63
ai class,A,Broad match,0.00,20.58,3.80,78.22,0.00,78.22,,,
ai class,A,Exact match,0.00,19.93,3.80,75.75,0.00,75.75,,,
ai class,A,Phrase match,0.00,20.07,3.80,76.31,0.00,76.31,,,
ai class,B,Broad match,0.00,20.54,3.80,78.09,0.00,78.09,,,
ai class,B,Exact match,0.00,19.88,3.80,75.56,0.00,75.56,,,
ai class,B,Phrase match,0.00,20.04,3.80,76.18,0.00,76.18,,,
ai class,C,Broad match,0.00,20.84,3.09,64.33,0.00,64.33,,,
ai class,C,Exact match,0.00,19.97,3.09,61.64,0.00,61.64,,,
ai class,C,Phrase match,0.00,20.13,3.09,62.15,0.00,62.15,,,
ai class,USA,Broad match,0.00,20.55,3.80,78.12,0.00,78.12,1.78,4.45,9.74
ai class,USA,Exact match,0.00,19.88,3.80,75.56,0.00,75.56,,,
ai class,USA,Phrase match,0.00,20.04,3.80,76.18,0.00,76.18,,,
ai content generation course,A,Broad match,0.00,20.94,4.40,92.09,0.00,92.09,,,
ai content generation course,A,Phrase match,0.00,20.16,4.40,88.68,0.00,88.68,,,
ai content generation course,B,Broad match,0.00,20.71,4.40,91.08,0.00,91.08,,,
ai content generation course,B,Phrase match,0.00,19.93,4.40,87.67,0.00,87.67,,,
ai content generation course,C,Broad match,0.00,21.38,3.68,78.76,0.00,78.76,,,
ai content generation course,C,Exact match,0.00,19.99,3.68,73.63,0.00,73.63,,,
ai content generation course,C,Phrase match,0.00,20.02,3.68,73.77,0.00,73.77,,,
ai content generation course,USA,Broad match,0.00,20.80,4.40,91.48,0.00,91.48,,,
ai content generation course,USA,Exact match,0.00,20.21,4.40,88.91,0.00,88.91,,,
ai content generation course,USA,Phrase match,0.00,20.25,4.40,89.07,0.00,89.07,,,
ai content generation marketing course,A,Broad match,0.00,20.71,4.40,91.07,0.00,91.07,,,
ai content generation marketing course,A,Exact match,0.00,19.83,4.40,87.24,0.00,87.24,,,
ai content generation marketing course,A,Phrase match,0.00,20.10,4.40,88.39,0.00,88.39,,,
ai content generation marketing course,B,Broad match,0.00,20.36,4.40,89.55,0.00,89.55,,,
ai content generation marketing course,B,Exact match,0.00,19.61,4.40,86.24,0.00,86.24,,,
ai content generation marketing course,B,Phrase match,0.00,19.75,4.40,86.87,0.00,86.87,,,
ai content generation marketing course,C,Broad match,0.00,20.95,3.68,77.19,0.00,77.19,,,
ai content generation marketing course,C,Exact match,0.00,19.70,3.68,72.57,0.00,72.57,,,
ai content generation marketing course,C,Phrase match,0.00,19.84,3.68,73.10,0.00,73.10,,,
ai content generation marketing course,USA,Broad match,0.00,20.45,4.40,89.95,0.00,89.95,,,
ai content generation marketing course,USA,Exact match,0.00,19.83,4.40,87.23,0.00,87.23,,,
ai content generation marketing course,USA,Phrase match,0.00,19.98,4.40,87.86,0.00,87.86,,,
ai course content generator,A,Exact match,0.00,19.81,3.99,78.99,0.00,78.99,,,
ai course content generator,A,Phrase match,0.00,20.00,3.99,79.72,0.00,79.72,,,
ai course content generator,B,Broad match,0.00,20.71,3.99,82.57,0.00,82.57,,,
ai course content generator,B,Exact match,0.00,19.63,3.99,78.24,0.00,78.24,,,
ai course content generator,B,Phrase match,0.00,19.83,3.99,79.04,0.00,79.04,,,
ai course content generator,C,Broad match,0.00,21.23,3.27,69.48,0.00,69.48,,,
ai course content generator,C,Exact match,0.00,19.80,3.27,64.77,0.00,64.77,,,
ai course content generator,C,Phrase match,0.00,20.00,3.27,65.43,0.00,65.43,,,
ai course content generator,USA,Broad match,0.00,20.88,3.99,83.25,0.00,83.25,,,
ai course content generator,USA,Exact match,0.00,19.93,3.99,79.45,0.00,79.45,,,
ai course content generator,USA,Phrase match,0.00,20.13,3.99,80.25,0.00,80.25,,,
ai course curriculum generator,A,Broad match,0.00,21.08,4.54,95.72,0.00,95.72,,,
ai course curriculum generator,A,Exact match,0.00,19.75,4.54,89.69,0.00,89.69,,,
ai course curriculum generator,A,Phrase match,0.00,20.02,4.54,90.89,0.00,90.89,,,
ai course curriculum generator,B,Broad match,0.00,21.30,4.54,96.74,0.00,96.74,,,
ai course curriculum generator,B,Exact match,0.00,19.53,4.54,88.66,0.00,88.66,,,
ai course curriculum generator,B,Phrase match,0.00,19.81,4.54,89.94,0.00,89.94,,,
ai course curriculum generator,C,Broad match,0.00,21.80,3.83,83.41,0.00,83.41,,,
ai course curriculum generator,C,Exact match,0.00,19.62,3.83,75.06,0.00,75.06,,,
ai course curriculum generator,C,Phrase match,0.00,19.90,3.83,76.14,0.00,76.14,,,
ai course curriculum generator,USA,Broad match,0.00,21.40,4.54,97.15,0.00,97.15,,,
ai course curriculum generator,USA,Exact match,0.00,19.75,4.54,89.69,0.00,89.69,,,
ai course curriculum generator,USA,Phrase match,0.00,20.03,4.54,90.96,0.00,90.96,,,
ai course description generator,A,Broad match,0.00,20.45,4.22,86.37,0.00,86.37,,,
ai course description generator,A,Exact match,0.00,19.81,4.22,83.67,0.00,83.67,,,
ai course description generator,A,Phrase match,0.00,19.93,4.22,84.15,0.00,84.15,,,
ai course description generator,B,Broad match,0.00,21.13,4.22,89.22,0.00,89.22,,,
ai course description generator,B,Exact match,0.00,19.70,4.22,83.20,0.00,83.20,,,
ai course description generator,B,Phrase match,0.00,19.84,4.22,83.76,0.00,83.76,,,
ai course description generator,C,Broad match,0.00,21.77,3.51,76.39,0.00,76.39,,,
ai course description generator,C,Exact match,0.00,19.79,3.51,69.45,0.00,69.45,,,
ai course description generator,C,Phrase match,0.00,19.93,3.51,69.92,0.00,69.92,,,
ai course description generator,USA,Broad match,0.00,21.22,4.22,89.60,0.00,89.60,,,
ai course description generator,USA,Exact match,0.00,19.93,4.22,84.16,0.00,84.16,,,
ai course description generator,USA,Phrase match,0.00,20.06,4.22,84.72,0.00,84.72,,,
ai course for business leaders,A,Broad match,0.00,21.02,4.95,104.08,0.00,104.08,,,
ai course for business leaders,A,Exact match,0.00,19.87,4.95,98.38,0.00,98.38,,,
ai course for business leaders,A,Phrase match,0.00,19.85,4.95,98.29,0.00,98.29,,,
ai course for business leaders,B,Broad match,0.00,20.88,4.95,103.42,0.00,103.42,,,
ai course for business leaders,B,Exact match,0.00,19.92,4.95,98.67,0.00,98.67,0.72,2.42,8.31
ai course for business leaders,B,Phrase match,0.00,19.88,4.95,98.47,0.00,98.47,,,
ai course for business leaders,C,Broad match,0.00,21.34,4.24,90.44,0.00,90.44,,,
ai course for business leaders,C,Exact match,0.00,20.02,4.24,84.83,0.00,84.83,,,
ai course for business leaders,C,Phrase match,0.00,19.97,4.24,84.65,0.00,84.65,,,
ai course for business leaders,USA,Broad match,0.00,20.90,4.95,103.49,0.00,103.49,,,
ai course for business leaders,USA,Exact match,0.00,20.08,4.95,99.43,0.00,99.43,,,
ai course for business leaders,USA,Phrase match,0.00,20.04,4.95,99.22,0.00,99.22,,,
ai course generation,A,Broad match,0.00,20.48,3.99,81.63,0.00,81.63,,,
ai course generation,A,Exact match,0.00,19.92,3.99,79.43,0.00,79.43,,,
ai course generation,A,Phrase match,0.00,20.11,3.99,80.15,0.00,80.15,,,
ai course generation,B,Broad match,0.00,21.12,3.99,84.20,0.00,84.20,,,
ai course generation,B,Exact match,0.00,19.78,3.99,78.87,0.00,78.87,,,
ai course generation,B,Phrase match,0.00,19.98,3.99,79.66,0.00,79.66,,,
ai course generation,C,Broad match,0.00,21.76,3.27,71.20,0.00,71.20,,,
ai course generation,C,Exact match,0.00,19.87,3.27,65.01,0.00,65.01,,,
ai course generation,C,Phrase match,0.00,20.07,3.27,65.66,0.00,65.66,,,
ai course generation,USA,Broad match,0.00,21.20,3.99,84.53,0.00,84.53,,,
ai course generation,USA,Exact match,0.00,20.10,3.99,80.11,0.00,80.11,,,
ai course generation,USA,Phrase match,0.00,20.29,3.99,80.90,0.00,80.90,,,
ai course generator,A,Broad match,0.00,20.69,5.12,105.96,0.00,105.96,,,
ai course generator,A,Exact match,0.00,19.75,5.12,101.15,0.00,101.15,,,
ai course generator,A,Phrase match,0.00,19.89,5.12,101.87,0.00,101.87,,,
ai course generator,B,Broad match,0.00,20.60,5.12,105.50,0.00,105.50,,,
ai course generator,B,Exact match,0.00,19.66,5.12,100.69,0.00,100.69,,,
ai course generator,B,Phrase match,0.00,19.80,5.12,101.41,0.00,101.41,,,
ai course generator,C,Broad match,0.00,20.99,4.41,92.48,0.00,92.48,,,
ai course generator,C,Exact match,0.00,19.83,4.41,87.39,0.00,87.39,,,
ai course generator,C,Phrase match,0.00,19.97,4.41,88.01,0.00,88.01,,,
ai course generator,USA,Broad match,0.00,20.77,5.12,106.37,0.00,106.37,,,
ai course generator,USA,Exact match,0.00,19.97,5.12,102.25,0.00,102.25,,,
ai course generator,USA,Phrase match,0.00,20.11,5.12,102.97,0.00,102.97,,,
ai course generator free,A,Broad match,0.00,22.96,3.99,91.53,0.00,91.53,,,
ai course generator free,A,Exact match,0.00,22.23,3.99,88.62,0.00,88.62,,,
ai course generator free,A,Phrase match,0.00,22.27,3.99,88.78,0.00,88.78,,,
ai course generator free,B,Broad match,0.00,22.87,3.99,91.17,0.00,91.17,,,
ai course generator free,B,Exact match,0.00,22.14,3.99,88.26,0.00,88.26,,,
ai course generator free,B,Phrase match,0.00,22.18,3.99,88.42,0.00,88.42,,,
ai course generator free,C,Broad match,0.00,23.09,3.27,75.57,0.00,75.57,,,
ai course generator free,C,Exact match,0.00,22.31,3.27,73.00,0.00,73.00,,,
ai course generator free,C,Phrase match,0.00,22.35,3.27,73.13,0.00,73.13,,,
ai course generator free,USA,Broad match,0.00,23.04,3.99,91.84,0.00,91.84,,,
ai course generator free,USA,Exact match,0.00,22.37,3.99,89.18,0.00,89.18,,,
ai course generator free,USA,Phrase match,0.00,22.41,3.99,89.34,0.00,89.34,,,
ai course generator free pdf,A,Broad match,0.00,20.96,4.40,92.16,0.00,92.16,,,
ai course generator free pdf,A,Exact match,0.00,19.84,4.40,87.28,0.00,87.28,,,
ai course generator free pdf,A,Phrase match,0.00,19.93,4.40,87.67,0.00,87.67,,,
ai course generator free pdf,B,Broad match,0.00,21.10,4.40,92.78,0.00,92.78,,,
ai course generator free pdf,B,Exact match,0.00,19.67,4.40,86.51,0.00,86.51,,,
ai course generator free pdf,B,Phrase match,0.00,19.64,4.40,86.38,0.00,86.38,,,
ai course generator free pdf,C,Broad match,0.00,21.75,3.68,80.12,0.00,80.12,,,
ai course generator free pdf,C,Exact match,0.00,19.76,3.68,72.80,0.00,72.80,,,
ai course generator free pdf,C,Phrase match,0.00,19.73,3.68,72.68,0.00,72.68,,,
ai course generator free pdf,USA,Broad match,0.00,21.19,4.40,93.18,0.00,93.18,,,
ai course generator free pdf,USA,Exact match,0.00,19.82,4.40,87.18,0.00,87.18,,,
ai course generator free pdf,USA,Phrase match,0.00,19.79,4.40,87.05,0.00,87.05,,,
ai course generator github,A,Broad match,0.00,22.57,3.99,89.99,0.00,89.99,,,
ai course generator github,A,Exact match,0.00,22.24,3.99,88.67,0.00,88.67,,,
ai course generator github,A,Phrase match,0.00,22.23,3.99,88.62,0.00,88.62,,,
ai course generator github,B,Broad match,0.00,22.40,3.99,89.31,0.00,89.31,,,
ai course generator github,B,Exact match,0.00,22.05,3.99,87.92,0.00,87.92,,,
ai course generator github,B,Phrase match,0.00,22.06,3.99,87.94,0.00,87.94,,,
ai course generator github,C,Broad match,0.00,22.79,3.27,74.57,0.00,74.57,,,
ai course generator github,C,Exact match,0.00,22.22,3.27,72.72,0.00,72.72,,,
ai course generator github,C,Phrase match,0.00,22.23,3.27,72.74,0.00,72.74,,,
ai course generator github,USA,Broad match,0.00,22.87,3.99,91.17,0.00,91.17,,,
ai course generator github,USA,Exact match,0.00,22.36,3.99,89.13,0.00,89.13,,,
ai course generator github,USA,Phrase match,0.00,22.66,3.99,90.33,0.00,90.33,,,
ai course generator online,A,Broad match,0.00,20.72,4.40,91.12,0.00,91.12,,,
ai course generator online,A,Exact match,0.00,19.80,4.40,87.10,0.00,87.10,,,
ai course generator online,A,Phrase match,0.00,19.92,4.40,87.61,0.00,87.61,,,
ai course generator online,B,Broad match,0.00,20.54,4.40,90.35,0.00,90.35,,,
ai course generator online,B,Exact match,0.00,19.61,4.40,86.25,0.00,86.25,,,
ai course generator online,B,Phrase match,0.00,19.74,4.40,86.84,0.00,86.84,,,
ai course generator online,C,Broad match,0.00,20.92,3.68,77.07,0.00,77.07,,,
ai course generator online,C,Exact match,0.00,19.77,3.68,72.84,0.00,72.84,,,
ai course generator online,C,Phrase match,0.00,19.91,3.68,73.33,0.00,73.33,,,
ai course generator online,USA,Broad match,0.00,20.70,4.40,91.06,0.00,91.06,,,
ai course generator online,USA,Exact match,0.00,19.91,4.40,87.56,0.00,87.56,,,
ai course generator online,USA,Phrase match,0.00,20.04,4.40,88.14,0.00,88.14,,,
ai course generator tool,A,Broad match,0.00,20.89,4.57,95.38,0.00,95.38,,,
ai course generator tool,A,Exact match,0.00,19.84,4.57,90.59,0.00,90.59,,,
ai course generator tool,A,Phrase match,0.00,20.04,4.57,91.54,0.00,91.54,,,
ai course generator tool,B,Broad match,0.00,21.15,4.57,96.58,0.00,96.58,,,
ai course generator tool,B,Exact match,0.00,19.65,4.57,89.73,0.00,89.73,,,
ai course generator tool,B,Phrase match,0.00,19.87,4.57,90.76,0.00,90.76,,,
ai course generator tool,C,Broad match,0.00,21.72,3.85,83.68,0.00,83.68,,,
ai course generator tool,C,Exact match,0.00,19.82,3.85,76.35,0.00,76.35,,,
ai course generator tool,C,Phrase match,0.00,20.04,3.85,77.22,0.00,77.22,,,
ai course generator tool,USA,Broad match,0.00,21.32,4.57,97.35,0.00,97.35,,,
ai course generator tool,USA,Exact match,0.00,19.95,4.57,91.12,0.00,91.12,,,
ai course generator tool,USA,Phrase match,0.00,20.18,4.57,92.15,0.00,92.15,,,
ai course generators translation and localization,A,Broad match,0.00,21.13,4.78,100.93,0.00,100.93,,,
ai course generators translation and localization,A,Exact match,0.00,19.72,4.78,94.19,0.00,94.19,,,
ai course generators translation and localization,A,Phrase match,0.00,19.92,4.78,95.17,0.00,95.17,,,
ai course generators translation and localization,B,Broad match,0.00,21.01,4.78,100.35,0.00,100.35,,,
ai course generators translation and localization,B,Exact match,0.00,19.69,4.78,94.08,0.00,94.08,,,
ai course generators translation and localization,B,Phrase match,0.00,19.85,4.78,94.83,0.00,94.83,,,
ai course generators translation and localization,C,Broad match,0.00,21.53,4.06,87.46,0.00,87.46,,,
ai course generators translation and localization,C,Exact match,0.00,19.78,4.06,80.38,0.00,80.38,,,
ai course generators translation and localization,C,Phrase match,0.00,19.94,4.06,81.02,0.00,81.02,,,
ai course generators translation and localization,USA,Broad match,0.00,21.10,4.78,100.79,0.00,100.79,,,
ai course generators translation and localization,USA,Exact match,0.00,19.85,4.78,94.80,0.00,94.80,,,
ai course generators translation and localization,USA,Phrase match,0.00,20.00,4.78,95.56,0.00,95.56,,,
ai course name generator,A,Broad match,0.00,20.92,4.54,94.99,0.00,94.99,,,
ai course name generator,A,Exact match,0.00,19.84,4.54,90.07,0.00,90.07,,,
ai course name generator,A,Phrase match,0.00,19.93,4.54,90.48,0.00,90.48,,,
ai course name generator,B,Broad match,0.00,21.19,4.54,96.19,0.00,96.19,,,
ai course name generator,B,Exact match,0.00,19.65,4.54,89.22,0.00,89.22,,,
ai course name generator,B,Phrase match,0.00,19.76,4.54,89.70,0.00,89.70,,,
ai course name generator,C,Broad match,0.00,21.76,3.83,83.26,0.00,83.26,,,
ai course name generator,C,Exact match,0.00,19.82,3.83,75.83,0.00,75.83,,,
ai course name generator,C,Phrase match,0.00,19.93,3.83,76.24,0.00,76.24,,,
ai course name generator,USA,Broad match,0.00,21.28,4.54,96.61,0.00,96.61,,,
ai course name generator,USA,Exact match,0.00,19.88,4.54,90.27,0.00,90.27,,,
ai course name generator,USA,Phrase match,0.00,19.99,4.54,90.75,0.00,90.75,,,
ai course outline generator,A,Broad match,0.00,20.48,3.60,73.79,0.00,73.79,,,
ai course outline generator,A,Exact match,0.00,19.92,3.60,71.77,0.00,71.77,,,
ai course outline generator,A,Phrase match,0.00,20.03,3.60,72.16,0.00,72.16,,,
ai course outline generator,B,Broad match,0.00,21.17,3.60,76.30,0.00,76.30,,,
ai course outline generator,B,Exact match,0.00,19.83,3.60,71.46,0.00,71.46,,,
ai course outline generator,B,Phrase match,0.00,19.95,3.60,71.91,0.00,71.91,,,
ai course outline generator,C,Broad match,0.00,21.82,2.89,63.04,0.00,63.04,,,
ai course outline generator,C,Phrase match,0.00,20.05,2.89,57.92,0.00,57.92,,,
ai course outline generator,USA,Broad match,0.00,21.27,3.60,76.63,0.00,76.63,,,
ai course outline generator,USA,Exact match,0.00,20.06,3.60,72.27,0.00,72.27,,,
ai course outline generator,USA,Phrase match,0.00,20.18,3.60,72.72,0.00,72.72,,,
ai course script generator,A,Exact match,0.00,19.89,3.99,79.28,0.00,79.28,,,
ai course script generator,B,Broad match,0.00,21.15,3.99,84.31,0.00,84.31,,,
ai course script generator,B,Exact match,0.00,19.70,3.99,78.53,0.00,78.53,,,
ai course script generator,B,Phrase match,0.00,19.87,3.99,79.23,0.00,79.23,,,
ai course script generator,C,Broad match,0.00,21.72,3.27,71.08,0.00,71.08,,,
ai course script generator,C,Phrase match,0.00,20.04,3.27,65.59,0.00,65.59,,,
ai course script generator,USA,Broad match,0.00,21.32,3.99,84.98,0.00,84.98,,,
ai course script generator,USA,Phrase match,0.00,20.18,3.99,80.44,0.00,80.44,,,
ai course title generator,A,Exact match,0.00,19.85,4.22,83.84,0.00,83.84,,,
ai course title generator,A,Phrase match,0.00,19.97,4.22,84.33,0.00,84.33,,,
ai course title generator,B,Broad match,0.00,21.10,4.22,89.11,0.00,89.11,,,
ai course title generator,B,Exact match,0.00,19.67,4.22,83.05,0.00,83.05,,,
ai course title generator,B,Phrase match,0.00,19.80,4.22,83.61,0.00,83.61,,,
ai course title generator,C,Broad match,0.00,21.67,3.51,76.05,0.00,76.05,,,
ai course title generator,C,Exact match,0.00,19.83,3.51,69.59,0.00,69.59,,,
ai course title generator,C,Phrase match,0.00,19.97,3.51,70.06,0.00,70.06,,,
ai course title generator,USA,Broad match,0.00,21.27,4.22,89.82,0.00,89.82,,,
ai course title generator,USA,Exact match,0.00,19.90,4.22,84.02,0.00,84.02,,,
ai course title generator,USA,Phrase match,0.00,20.03,4.22,84.58,0.00,84.58,,,
ai course video generator,A,Broad match,0.00,20.56,5.12,105.29,0.00,105.29,,,
ai course video generator,A,Exact match,0.00,19.90,5.12,101.92,0.00,101.92,,,
ai course video generator,A,Phrase match,0.00,20.08,5.12,102.85,0.00,102.85,,,
ai course video generator,B,Broad match,0.00,20.35,5.12,104.22,0.00,104.22,,,
ai course video generator,B,Exact match,0.00,19.68,5.12,100.75,0.00,100.75,,,
ai course video generator,B,Phrase match,0.00,19.87,5.12,101.77,0.00,101.77,,,
ai course video generator,C,Broad match,0.00,20.64,4.41,90.96,0.00,90.96,,,
ai course video generator,C,Exact match,0.00,19.77,4.41,87.10,0.00,87.10,,,
ai course video generator,C,Phrase match,0.00,19.97,4.41,87.98,0.00,87.98,,,
ai course video generator,USA,Broad match,0.00,21.06,5.12,107.82,0.00,107.82,,,
ai course video generator,USA,Exact match,0.00,19.90,5.12,101.91,0.00,101.91,,,
ai course video generator,USA,Phrase match,0.00,20.10,5.12,102.93,0.00,102.93,,,
ai courses for executives,A,Broad match,0.00,21.23,4.98,105.69,0.00,105.69,,,
ai courses for executives,A,Exact match,0.00,19.67,4.98,97.95,0.00,97.95,,,
ai courses for executives,A,Phrase match,0.00,19.76,4.98,98.35,0.00,98.35,,,
ai courses for executives,B,Broad match,0.00,21.10,4.98,105.03,0.00,105.03,,,
ai courses for executives,B,Exact match,0.00,19.73,4.98,98.24,0.00,98.24,1.33,1.33,1.33
ai courses for executives,B,Phrase match,0.00,19.79,4.98,98.54,0.00,98.54,3.29,3.29,3.29
ai courses for executives,C,Broad match,0.00,21.15,4.26,90.21,0.00,90.21,,,
ai courses for executives,C,Exact match,0.00,19.82,4.26,84.53,0.00,84.53,,,
ai courses for executives,C,Phrase match,0.00,19.88,4.26,84.79,0.00,84.79,,,
ai courses for executives,USA,Broad match,0.00,21.19,4.98,105.48,0.00,105.48,,,
ai courses for executives,USA,Exact match,0.00,19.96,4.98,99.37,0.00,99.37,,,
ai courses for executives,USA,Phrase match,0.00,20.02,4.98,99.67,0.00,99.67,1.50,9.59,36.05
ai courses generator,A,Broad match,0.00,20.89,4.80,100.32,0.00,100.32,,,
ai courses generator,A,Exact match,0.00,19.71,4.80,94.66,0.00,94.66,,,
ai courses generator,A,Phrase match,0.00,19.92,4.80,95.66,0.00,95.66,,,
ai courses generator,B,Broad match,0.00,20.79,4.80,99.88,0.00,99.88,,,
ai courses generator,B,Exact match,0.00,19.62,4.80,94.23,0.00,94.23,,,
ai courses generator,B,Phrase match,0.00,19.83,4.80,95.23,0.00,95.23,,,
ai courses generator,C,Broad match,0.00,21.23,4.09,86.83,0.00,86.83,,,
ai courses generator,C,Exact match,0.00,19.79,4.09,80.91,0.00,80.91,,,
ai courses generator,C,Phrase match,0.00,20.00,4.09,81.76,0.00,81.76,,,
ai courses generator,USA,Broad match,0.00,20.96,4.80,100.70,0.00,100.70,,,
ai courses generator,USA,Exact match,0.00,19.92,4.80,95.70,0.00,95.70,,,
ai courses generator,USA,Phrase match,0.00,20.13,4.80,96.69,0.00,96.69,,,
ai courses near me,A,Broad match,0.00,21.20,5.15,109.15,0.00,109.15,,,
ai courses near me,A,Exact match,0.00,19.78,5.15,101.84,0.00,101.84,,,
ai courses near me,A,Phrase match,0.00,19.76,5.15,101.74,0.00,101.74,,,
ai courses near me,B,Broad match,0.00,21.25,5.15,109.45,0.00,109.45,,,
ai courses near me,B,Exact match,0.00,19.82,5.15,102.05,0.00,102.05,,,
ai courses near me,B,Phrase match,0.00,19.86,5.15,102.29,0.00,102.29,,,
ai courses near me,C,Broad match,0.00,21.46,5.07,108.77,0.00,108.77,,,
ai courses near me,C,Exact match,0.00,19.91,5.07,100.92,0.00,100.92,,,
ai courses near me,C,Phrase match,0.00,19.96,5.07,101.16,0.00,101.16,,,
ai courses near me,USA,Broad match,0.00,21.41,5.15,110.24,0.00,110.24,,,
ai courses near me,USA,Exact match,0.00,19.97,5.15,102.83,0.00,102.83,2.26,4.94,7.73
ai courses near me,USA,Phrase match,0.00,20.02,5.15,103.08,0.00,103.08,,,
ai diploma,A,Broad match,0.00,21.61,4.98,107.56,0.00,107.56,0.69,2.26,5.07
ai diploma,A,Exact match,0.00,19.90,4.98,99.07,0.00,99.07,,,
ai diploma,A,Phrase match,0.00,20.08,4.98,99.97,0.00,99.97,,,
ai diploma,B,Broad match,0.00,21.47,4.98,106.87,0.00,106.87,,,
ai diploma,B,Exact match,0.00,19.77,4.98,98.43,0.00,98.43,,,
ai diploma,B,Phrase match,0.00,19.89,4.98,99.04,0.00,99.04,,,
ai diploma,C,Broad match,0.00,21.80,4.26,92.96,0.00,92.96,,,
ai diploma,C,Exact match,0.00,19.94,4.26,85.03,0.00,85.03,,,
ai diploma,C,Phrase match,0.00,20.06,4.26,85.55,0.00,85.55,,,
ai diploma,USA,Broad match,0.00,21.64,4.98,107.71,0.00,107.71,,,
ai diploma,USA,Exact match,0.00,20.00,4.98,99.58,0.00,99.58,,,
ai diploma,USA,Phrase match,0.00,20.12,4.98,100.19,0.00,100.19,,,
ai executive education,A,Broad match,0.00,20.62,5.21,107.56,0.00,107.56,,,
ai executive education,A,Exact match,0.00,19.84,5.21,103.47,0.00,103.47,19.79,23.79,27.79
ai executive education,A,Phrase match,0.00,19.92,5.21,103.88,0.00,103.88,,,
ai executive education,B,Broad match,0.00,20.41,5.21,106.46,0.00,106.46,,,
ai executive education,B,Exact match,0.00,19.82,5.21,103.36,0.00,103.36,1.02,1.66,2.02
ai executive education,B,Phrase match,0.00,19.83,5.21,103.40,0.00,103.40,,,
ai executive education,C,Broad match,0.00,20.62,4.50,92.80,0.00,92.80,,,
ai executive education,C,Exact match,0.00,19.91,4.50,89.62,0.00,89.62,,,
ai executive education,C,Phrase match,0.00,19.92,4.50,89.65,0.00,89.65,,,
ai executive education,USA,Broad match,0.00,20.50,5.21,106.93,0.00,106.93,,,
ai executive education,USA,Exact match,0.00,20.05,5.21,104.54,0.00,104.54,,,
ai executive education,USA,Phrase match,0.00,20.05,5.21,104.58,0.00,104.58,,,
ai for business,A,Broad match,0.00,20.82,4.95,103.09,0.00,103.09,,,
ai for business,A,Exact match,0.00,19.80,4.95,98.05,0.00,98.05,,,
ai for business,A,Phrase match,0.00,19.90,4.95,98.57,0.00,98.57,0.42,3.27,11.69
ai for business,B,Broad match,0.00,20.61,4.95,102.09,0.00,102.09,,,
ai for business,B,Exact match,0.00,19.79,4.95,98.00,0.00,98.00,0.33,0.70,1.06
ai for business,B,Phrase match,0.00,19.82,4.95,98.16,0.00,98.16,0.15,1.04,4.08
ai for business,C,Broad match,0.00,20.82,4.87,101.44,0.00,101.44,,,
ai for business,C,Exact match,0.00,19.88,4.87,96.85,0.00,96.85,,,
ai for business,C,Phrase match,0.00,19.91,4.87,97.02,0.00,97.02,0.17,0.77,4.79
ai for business,USA,Broad match,0.00,20.70,4.95,102.54,0.00,102.54,,,
ai for business,USA,Exact match,0.00,19.87,4.95,98.42,0.00,98.42,9.65,9.65,9.65
ai for business,USA,Phrase match,0.00,19.91,4.95,98.59,0.00,98.59,1.43,8.50,25.62
ai for business leaders,A,Broad match,0.00,20.61,5.53,114.03,0.00,114.03,,,
ai for business leaders,A,Exact match,0.00,19.83,5.53,109.74,0.00,109.74,,,
ai for business leaders,A,Phrase match,0.00,19.92,5.53,110.23,0.00,110.23,,,
ai for business leaders,B,Broad match,0.00,20.41,5.53,112.91,0.00,112.91,,,
ai for business leaders,B,Exact match,0.00,19.81,5.53,109.57,0.00,109.57,0.71,0.71,0.71
ai for business leaders,B,Phrase match,0.00,19.84,5.53,109.77,0.00,109.77,,,
ai for business leaders,C,Broad match,0.00,21.08,5.45,114.93,0.00,114.93,,,
ai for business leaders,C,Exact match,0.00,19.90,5.45,108.48,0.00,108.48,,,
ai for business leaders,C,Phrase match,0.00,19.93,5.45,108.68,0.00,108.68,,,
ai for business leaders,USA,Broad match,0.00,20.50,5.53,113.41,0.00,113.41,,,
ai for business leaders,USA,Exact match,0.00,19.96,5.53,110.42,0.00,110.42,,,
ai for business leaders,USA,Phrase match,0.00,19.99,5.53,110.61,0.00,110.61,,,
ai for engineering,A,Broad match,0.00,20.82,5.53,115.19,0.00,115.19,,,
ai for engineering,A,Exact match,0.00,19.75,5.53,109.28,0.00,109.28,1.43,1.43,1.43
ai for engineering,A,Phrase match,0.00,19.88,5.53,110.01,0.00,110.01,0.28,2.06,5.72
ai for engineering,B,Broad match,0.00,20.86,5.53,115.44,0.00,115.44,,,
ai for engineering,B,Exact match,0.00,19.67,5.53,108.84,0.00,108.84,,,
ai for engineering,B,Phrase match,0.00,19.93,5.53,110.26,0.00,110.26,0.13,1.08,5.64
ai for engineering,C,Broad match,0.00,21.06,4.82,101.49,0.00,101.49,,,
ai for engineering,C,Exact match,0.00,19.76,4.82,95.19,0.00,95.19,0.50,0.85,1.21
ai for engineering,C,Phrase match,0.00,20.01,4.82,96.43,0.00,96.43,0.29,0.59,1.24
ai for engineering,USA,Broad match,0.00,20.95,5.53,115.90,0.00,115.90,,,
ai for engineering,USA,Exact match,0.00,19.82,5.53,109.64,0.00,109.64,7.33,9.21,11.10
ai for engineering,USA,Phrase match,0.00,20.07,5.53,111.06,0.00,111.06,1.33,6.24,24.95
ai for engineers,A,Broad match,0.00,20.86,5.53,115.41,0.00,115.41,,,
ai for engineers,A,Exact match,0.00,20.00,5.53,110.64,0.00,110.64,,,
ai for engineers,A,Phrase match,0.00,20.10,5.53,111.22,0.00,111.22,,,
ai for engineers,B,Broad match,0.00,20.77,5.53,114.90,0.00,114.90,,,
ai for engineers,B,Exact match,0.00,19.89,5.53,110.03,0.00,110.03,,,
ai for engineers,B,Phrase match,0.00,20.01,5.53,110.71,0.00,110.71,,,
ai for engineers,C,Broad match,0.00,20.97,4.82,101.06,0.00,101.06,,,
ai for engineers,C,Exact match,0.00,19.98,4.82,96.27,0.00,96.27,,,
ai for engineers,C,Phrase match,0.00,20.10,4.82,96.86,0.00,96.86,,,
ai for engineers,USA,Broad match,0.00,20.86,5.53,115.40,0.00,115.40,,,
ai for engineers,USA,Exact match,0.00,20.04,5.53,110.88,0.00,110.88,,,
ai for engineers,USA,Phrase match,0.00,20.16,5.53,111.55,0.00,111.55,,,
ai for enterprise,A,Broad match,0.00,20.80,4.63,96.41,0.00,96.41,,,
ai for enterprise,A,Exact match,0.00,19.46,4.63,90.19,0.00,90.19,,,
ai for enterprise,A,Phrase match,0.00,20.02,4.63,92.77,0.00,92.77,0.74,3.29,9.60
ai for enterprise,B,Broad match,0.00,20.62,4.63,95.59,0.00,95.59,,,
ai for enterprise,B,Exact match,0.00,19.50,4.63,90.38,0.00,90.38,,,
ai for enterprise,B,Phrase match,0.00,19.91,4.63,92.27,0.00,92.27,0.49,0.66,0.82
ai for enterprise,C,Broad match,0.00,20.72,4.55,94.39,0.00,94.39,,,
ai for enterprise,C,Exact match,0.00,19.79,4.55,90.13,0.00,90.13,,,
ai for enterprise,C,Phrase match,0.00,20.20,4.55,91.99,0.00,91.99,0.36,0.77,1.64
ai for enterprise,USA,Broad match,0.00,20.71,4.63,95.98,0.00,95.98,,,
ai for enterprise,USA,Exact match,0.00,19.63,4.63,90.99,0.00,90.99,15.25,15.25,15.25
ai for enterprise,USA,Phrase match,0.00,20.11,4.63,93.22,0.00,93.22,2.99,9.48,25.72
ai for executives,A,Broad match,0.00,20.44,5.12,104.69,0.00,104.69,,,
ai for executives,A,Exact match,0.00,19.83,5.12,101.52,0.00,101.52,,,
ai for executives,A,Phrase match,0.00,19.93,5.12,102.06,0.00,102.06,,,
ai for executives,B,Broad match,0.00,20.94,5.12,107.25,0.00,107.25,,,
ai for executives,B,Exact match,0.00,19.75,5.12,101.13,0.00,101.13,1.45,1.45,1.45
ai for executives,B,Phrase match,0.00,19.78,5.12,101.30,0.00,101.30,,,
ai for executives,C,Broad match,0.00,21.51,4.41,94.78,0.00,94.78,,,
ai for executives,C,Exact match,0.00,19.84,4.41,87.43,0.00,87.43,,,
ai for executives,C,Phrase match,0.00,19.87,4.41,87.57,0.00,87.57,,,
ai for executives,USA,Broad match,0.00,21.04,5.12,107.72,0.00,107.72,,,
ai for executives,USA,Exact match,0.00,19.90,5.12,101.91,0.00,101.91,,,
ai for executives,USA,Phrase match,0.00,19.94,5.12,102.08,0.00,102.08,,,
ai for executives course,A,Broad match,0.00,21.07,5.53,116.58,0.00,116.58,,,
ai for executives course,A,Exact match,0.00,19.62,5.53,108.55,0.00,108.55,10.25,10.25,10.25
ai for executives course,A,Phrase match,0.00,19.68,5.53,108.91,0.00,108.91,,,
ai for executives course,B,Broad match,0.00,20.94,5.53,115.84,0.00,115.84,,,
ai for executives course,B,Exact match,0.00,19.68,5.53,108.88,0.00,108.88,4.31,4.31,4.31
ai for executives course,B,Phrase match,0.00,19.72,5.53,109.11,0.00,109.11,,,
ai for executives course,C,Broad match,0.00,21.14,4.82,101.88,0.00,101.88,,,
ai for executives course,C,Exact match,0.00,19.77,4.82,95.26,0.00,95.26,,,
ai for executives course,C,Phrase match,0.00,19.81,4.82,95.46,0.00,95.46,2.59,2.60,2.62
ai for executives course,USA,Broad match,0.00,21.03,5.53,116.35,0.00,116.35,,,
ai for executives course,USA,Exact match,0.00,19.83,5.53,109.72,0.00,109.72,3.68,5.43,7.18
ai for executives course,USA,Phrase match,0.00,19.87,5.53,109.95,0.00,109.95,3.18,9.34,18.78
ai for managers course,A,Broad match,0.00,20.26,4.98,100.88,0.00,100.88,,,
ai for managers course,A,Exact match,0.00,19.61,4.98,97.62,0.00,97.62,1.32,3.51,5.35
ai for managers course,A,Phrase match,0.00,19.75,4.98,98.32,0.00,98.32,1.14,2.29,3.22
ai for managers course,B,Broad match,0.00,20.09,4.98,100.03,0.00,100.03,,,
ai for managers course,B,Exact match,0.00,19.56,4.98,97.37,0.00,97.37,,,
ai for managers course,B,Phrase match,0.00,19.58,4.98,97.47,0.00,97.47,,,
ai for managers course,C,Broad match,0.00,20.63,4.26,87.95,0.00,87.95,,,
ai for managers course,C,Exact match,0.00,19.73,4.26,84.12,0.00,84.12,1.32,1.44,1.56
ai for managers course,USA,Broad match,0.00,20.26,4.98,100.87,0.00,100.87,,,
ai for managers course,USA,Exact match,0.00,19.79,4.98,98.52,0.00,98.52,2.33,7.80,18.43
ai for managers course,USA,Phrase match,0.00,19.81,4.98,98.62,0.00,98.62,1.92,13.39,55.28
ai for product managers,A,Broad match,0.00,20.86,4.98,103.84,0.00,103.84,,,
ai for product managers,A,Exact match,0.00,19.69,4.98,98.01,0.00,98.01,,,
ai for product managers,A,Phrase match,0.00,19.98,4.98,99.47,0.00,99.47,,,
ai for product managers,B,Broad match,0.00,21.32,4.98,106.15,0.00,106.15,,,
ai for product managers,B,Exact match,0.00,19.65,4.98,97.82,0.00,97.82,1.21,1.74,2.06
ai for product managers,B,Phrase match,0.00,19.80,4.98,98.56,0.00,98.56,,,
ai for product managers,C,Broad match,0.00,21.95,4.26,93.62,0.00,93.62,,,
ai for product managers,C,Exact match,0.00,19.82,4.26,84.51,0.00,84.51,,,
ai for product managers,C,Phrase match,0.00,19.97,4.26,85.14,0.00,85.14,,,
ai for product managers,USA,Broad match,0.00,21.41,4.98,106.57,0.00,106.57,,,
ai for product managers,USA,Exact match,0.00,19.79,4.98,98.55,0.00,98.55,6.68,6.76,6.84
ai for product managers,USA,Phrase match,0.00,19.94,4.98,99.28,0.00,99.28,,,
ai generate course,A,Broad match,0.00,21.13,4.98,105.20,0.00,105.20,,,
ai generate course,A,Exact match,0.00,19.87,4.98,98.90,0.00,98.90,,,
ai generate course,A,Phrase match,0.00,19.89,4.98,99.03,0.00,99.03,,,
ai generate course,B,Broad match,0.00,21.09,4.98,104.99,0.00,104.99,,,
ai generate course,B,Exact match,0.00,19.82,4.98,98.69,0.00,98.69,,,
ai generate course,C,Broad match,0.00,21.44,4.26,91.43,0.00,91.43,,,
ai generate course,C,Exact match,0.00,19.91,4.26,84.89,0.00,84.89,,,
ai generate course,C,Phrase match,0.00,19.93,4.26,85.00,0.00,85.00,,,
ai generate course,USA,Broad match,0.00,21.39,4.98,106.50,0.00,106.50,,,
ai generate course,USA,Exact match,0.00,20.13,4.98,100.24,0.00,100.24,,,
ai generate course,USA,Phrase match,0.00,20.46,4.98,101.84,0.00,101.84,,,
ai generated course,A,Broad match,0.00,21.37,4.40,93.98,0.00,93.98,,,
ai generated course,A,Exact match,0.00,19.92,4.40,87.62,0.00,87.62,,,
ai generated course,A,Phrase match,0.00,20.13,4.40,88.53,0.00,88.53,,,
ai generated course,B,Broad match,0.00,21.28,4.40,93.59,0.00,93.59,,,
ai generated course,B,Exact match,0.00,19.83,4.40,87.22,0.00,87.22,,,
ai generated course,B,Phrase match,0.00,20.04,4.40,88.14,0.00,88.14,,,
ai generated course,C,Broad match,0.00,21.72,3.68,80.01,0.00,80.01,,,
ai generated course,C,Exact match,0.00,20.00,3.68,73.68,0.00,73.68,,,
ai generated course,C,Phrase match,0.00,20.21,3.68,74.45,0.00,74.45,,,
ai generated course,USA,Broad match,0.00,21.37,4.40,93.99,0.00,93.99,,,
ai generated course,USA,Exact match,0.00,20.23,4.40,88.97,0.00,88.97,,,
ai generated course,USA,Phrase match,0.00,20.44,4.40,89.88,0.00,89.88,,,
ai generated courses,A,Broad match,0.00,21.31,5.21,111.14,0.00,111.14,,,
ai generated courses,A,Exact match,0.00,19.85,5.21,103.49,0.00,103.49,,,
ai generated courses,A,Phrase match,0.00,20.12,5.21,104.95,0.00,104.95,0.50,1.83,6.25
ai generated courses,B,Broad match,0.00,21.30,5.21,111.08,0.00,111.08,,,
ai generated courses,B,Exact match,0.00,19.83,5.21,103.43,0.00,103.43,,,
ai generated courses,B,Phrase match,0.00,20.11,5.21,104.88,0.00,104.88,0.19,0.91,2.51
ai generated courses,C,Broad match,0.00,21.66,4.50,97.49,0.00,97.49,,,
ai generated courses,C,Exact match,0.00,19.92,4.50,89.68,0.00,89.68,,,
ai generated courses,C,Phrase match,0.00,20.20,4.50,90.93,0.00,90.93,0.11,0.62,1.43
ai generated courses,USA,Broad match,0.00,21.31,5.21,111.15,0.00,111.15,,,
ai generated courses,USA,Exact match,0.00,20.01,5.21,104.37,0.00,104.37,2.48,9.14,20.25
ai generated courses,USA,Phrase match,0.00,20.29,5.21,105.82,0.00,105.82,0.58,6.04,15.47
ai generated courses free,A,Broad match,0.00,21.31,4.40,93.70,0.00,93.70,,,
ai generated courses free,A,Exact match,0.00,19.88,4.40,87.43,0.00,87.43,,,
ai generated courses free,A,Phrase match,0.00,20.16,4.40,88.66,0.00,88.66,,,
ai generated courses free,B,Broad match,0.00,21.13,4.40,92.95,0.00,92.95,,,
ai generated courses free,B,Exact match,0.00,19.69,4.40,86.60,0.00,86.60,,,
ai generated courses free,B,Phrase match,0.00,19.99,4.40,87.91,0.00,87.91,,,
ai generated courses free,C,Broad match,0.00,21.57,3.68,79.48,0.00,79.48,,,
ai generated courses free,C,Exact match,0.00,19.86,3.68,73.16,0.00,73.16,,,
ai generated courses free,C,Phrase match,0.00,20.16,3.68,74.26,0.00,74.26,,,
ai generated courses free,USA,Broad match,0.00,21.30,4.40,93.70,0.00,93.70,,,
ai generated courses free,USA,Exact match,0.00,20.00,4.40,87.94,0.00,87.94,,,
ai generated courses free,USA,Phrase match,0.00,20.29,4.40,89.25,0.00,89.25,,,
ai generated interactive courses,A,Broad match,0.00,20.87,3.99,83.21,0.00,83.21,,,
ai generated interactive courses,B,Broad match,0.00,20.66,3.99,82.37,0.00,82.37,,,
ai generated interactive courses,B,Exact match,0.00,19.73,3.99,78.65,0.00,78.65,,,
ai generated interactive courses,B,Phrase match,0.00,19.88,3.99,79.26,0.00,79.26,,,
ai generated interactive courses,C,Broad match,0.00,21.02,3.27,68.80,0.00,68.80,,,
ai generated interactive courses,C,Exact match,0.00,19.82,3.27,64.85,0.00,64.85,,,
ai generated interactive courses,C,Phrase match,0.00,19.97,3.27,65.36,0.00,65.36,,,
ai generated interactive courses,USA,Broad match,0.00,20.75,3.99,82.73,0.00,82.73,,,
ai generated interactive courses,USA,Exact match,0.00,19.95,3.99,79.55,0.00,79.55,,,
ai generated interactive courses,USA,Phrase match,0.00,20.11,3.99,80.16,0.00,80.16,,,
ai generated online course site,A,Broad match,0.00,20.95,4.40,92.14,0.00,92.14,,,
ai generated online course site,A,Phrase match,0.00,19.63,4.40,86.34,0.00,86.34,,,
ai generated online course site,B,Broad match,0.00,20.81,4.40,91.53,0.00,91.53,,,
ai generated online course site,B,Exact match,0.00,19.59,4.40,86.17,0.00,86.17,,,
ai generated online course site,B,Phrase match,0.00,19.54,4.40,85.95,0.00,85.95,,,
ai generated online course site,C,Broad match,0.00,21.40,3.68,78.84,0.00,78.84,,,
ai generated online course site,C,Exact match,0.00,19.76,3.68,72.80,0.00,72.80,,,
ai generated online course site,C,Phrase match,0.00,19.71,3.68,72.62,0.00,72.62,,,
ai generated online course site,USA,Phrase match,0.00,20.14,4.40,88.60,0.00,88.60,,,
ai generated online courses,A,Broad match,0.00,20.78,5.53,114.97,0.00,114.97,,,
ai generated online courses,A,Exact match,0.00,19.83,5.53,109.70,0.00,109.70,,,
ai generated online courses,A,Phrase match,0.00,20.03,5.53,110.80,0.00,110.80,,,
ai generated online courses,B,Broad match,0.00,20.66,5.53,114.28,0.00,114.28,,,
ai generated online courses,B,Exact match,0.00,19.72,5.53,109.12,0.00,109.12,,,
ai generated online courses,B,Phrase match,0.00,19.90,5.53,110.11,0.00,110.11,,,
ai generated online courses,C,Broad match,0.00,21.08,4.82,101.57,0.00,101.57,,,
ai generated online courses,C,Exact match,0.00,19.73,4.82,95.06,0.00,95.06,,,
ai generated online courses,C,Phrase match,0.00,19.91,4.82,95.93,0.00,95.93,,,
ai generated online courses,USA,Broad match,0.00,20.66,5.53,114.31,0.00,114.31,,,
ai generated online courses,USA,Exact match,0.00,19.86,5.53,109.90,0.00,109.90,,,
ai generated online courses,USA,Phrase match,0.00,20.04,5.53,110.89,0.00,110.89,,,
ai generation course,A,Broad match,0.00,21.18,3.60,76.31,0.00,76.31,,,
ai generation course,A,Exact match,0.00,20.00,3.60,72.07,0.00,72.07,,,
ai generation course,A,Phrase match,0.00,20.11,3.60,72.45,0.00,72.45,,,
ai generation course,B,Broad match,0.00,21.02,3.60,75.76,0.00,75.76,,,
ai generation course,B,Exact match,0.00,19.86,3.60,71.56,0.00,71.56,,,
ai generation course,B,Phrase match,0.00,19.95,3.60,71.91,0.00,71.91,,,
ai generation course,C,Broad match,0.00,21.46,2.89,62.01,0.00,62.01,,,
ai generation course,C,Exact match,0.00,19.94,2.89,57.62,0.00,57.62,,,
ai generation course,C,Phrase match,0.00,20.04,2.89,57.89,0.00,57.89,,,
ai generation course,USA,Broad match,0.00,21.11,3.60,76.06,0.00,76.06,,,
ai generation course,USA,Exact match,0.00,20.17,3.60,72.68,0.00,72.68,,,
ai generation course,USA,Phrase match,0.00,20.27,3.60,73.03,0.00,73.03,,,
ai generation courses,A,Broad match,0.00,20.86,4.25,88.68,0.00,88.68,,,
ai generation courses,A,Exact match,0.00,19.87,4.25,84.50,0.00,84.50,,,
ai generation courses,A,Phrase match,0.00,19.97,4.25,84.91,0.00,84.91,,,
ai generation courses,B,Broad match,0.00,20.71,4.25,88.04,0.00,88.04,,,
ai generation courses,B,Exact match,0.00,19.73,4.25,83.90,0.00,83.90,,,
ai generation courses,B,Phrase match,0.00,19.82,4.25,84.27,0.00,84.27,,,
ai generation courses,C,Broad match,0.00,21.14,3.54,74.79,0.00,74.79,,,
ai generation courses,C,Exact match,0.00,19.82,3.54,70.10,0.00,70.10,,,
ai generation courses,C,Phrase match,0.00,19.90,3.54,70.41,0.00,70.41,,,
ai generation courses,USA,Broad match,0.00,20.79,4.25,88.39,0.00,88.39,,,
ai generation courses,USA,Exact match,0.00,19.95,4.25,84.83,0.00,84.83,,,
ai generation courses,USA,Phrase match,0.00,20.04,4.25,85.20,0.00,85.20,,,
ai generative content microsoft course,A,Broad match,0.00,21.01,4.40,92.40,0.00,92.40,,,
ai generative content microsoft course,B,Broad match,0.00,20.92,4.40,91.99,0.00,91.99,,,
ai generative content microsoft course,B,Exact match,0.00,19.84,4.40,87.25,0.00,87.25,,,
ai generative content microsoft course,B,Phrase match,0.00,20.04,4.40,88.15,0.00,88.15,,,
ai generative content microsoft course,C,Broad match,0.00,21.21,3.68,78.14,0.00,78.14,,,
ai generative content microsoft course,C,Exact match,0.00,19.93,3.68,73.42,0.00,73.42,,,
ai generative content microsoft course,C,Phrase match,0.00,20.13,3.68,74.17,0.00,74.17,,,
ai generative content microsoft course,USA,Broad match,0.00,21.01,4.40,92.40,0.00,92.40,,,
ai generative content microsoft course,USA,Exact match,0.00,19.94,4.40,87.71,0.00,87.71,,,
ai generative content microsoft course,USA,Phrase match,0.00,20.15,4.40,88.61,0.00,88.61,,,
ai generative course,A,Broad match,0.00,21.02,4.98,104.63,0.00,104.63,,,
ai generative course,A,Exact match,0.00,19.84,4.98,98.77,0.00,98.77,,,
ai generative course,A,Phrase match,0.00,19.95,4.98,99.30,0.00,99.30,,,
ai generative course,B,Broad match,0.00,21.06,4.98,104.85,0.00,104.85,,,
ai generative course,B,Exact match,0.00,19.90,4.98,99.09,0.00,99.09,,,
ai generative course,B,Phrase match,0.00,19.99,4.98,99.52,0.00,99.52,,,
ai generative course,C,Broad match,0.00,21.44,4.26,91.42,0.00,91.42,,,
ai generative course,C,Exact match,0.00,20.00,4.26,85.27,0.00,85.27,,,
ai generative course,C,Phrase match,0.00,20.08,4.26,85.63,0.00,85.63,,,
ai generative course,USA,Broad match,0.00,21.15,4.98,105.31,0.00,105.31,,,
ai generative course,USA,Exact match,0.00,20.15,4.98,100.31,0.00,100.31,,,
ai generative course,USA,Phrase match,0.00,20.23,4.98,100.74,0.00,100.74,,,
ai generative course free,A,Broad match,0.00,21.06,4.98,104.84,0.00,104.84,,,
ai generative course free,A,Exact match,0.00,19.98,4.98,99.45,0.00,99.45,,,
ai generative course free,A,Phrase match,0.00,20.08,4.98,99.98,0.00,99.98,,,
ai generative course free,B,Broad match,0.00,20.90,4.98,104.06,0.00,104.06,,,
ai generative course free,B,Exact match,0.00,19.84,4.98,98.77,0.00,98.77,,,
ai generative course free,B,Phrase match,0.00,19.93,4.98,99.20,0.00,99.20,,,
ai generative course free,C,Broad match,0.00,21.20,4.26,90.39,0.00,90.39,,,
ai generative course free,C,Exact match,0.00,19.93,4.26,84.99,0.00,84.99,,,
ai generative course free,C,Phrase match,0.00,20.02,4.26,85.35,0.00,85.35,,,
ai generative course free,USA,Broad match,0.00,20.99,4.98,104.51,0.00,104.51,,,
ai generative course free,USA,Exact match,0.00,20.09,4.98,99.99,0.00,99.99,,,
ai generative course free,USA,Phrase match,0.00,20.17,4.98,100.42,0.00,100.42,,,
ai generative course google,A,Broad match,0.00,20.68,4.40,90.97,0.00,90.97,,,
ai generative course google,A,Exact match,0.00,19.84,4.40,87.26,0.00,87.26,,,
ai generative course google,A,Phrase match,0.00,19.77,4.40,86.96,0.00,86.96,,,
ai generative course google,B,Broad match,0.00,20.56,4.40,90.43,0.00,90.43,,,
ai generative course google,B,Exact match,0.00,19.74,4.40,86.81,0.00,86.81,,,
ai generative course google,B,Phrase match,0.00,19.65,4.40,86.43,0.00,86.43,,,
ai generative course google,C,Broad match,0.00,20.91,3.68,77.05,0.00,77.05,,,
ai generative course google,C,Exact match,0.00,19.82,3.68,73.02,0.00,73.02,,,
ai generative course google,C,Phrase match,0.00,19.73,3.68,72.70,0.00,72.70,,,
ai generative course google,USA,Broad match,0.00,20.94,4.40,92.10,0.00,92.10,,,
ai generative course google,USA,Exact match,0.00,19.98,4.40,87.86,0.00,87.86,,,
ai generative course google,USA,Phrase match,0.00,20.18,4.40,88.77,0.00,88.77,,,
ai generative courses,A,Broad match,0.00,20.98,5.77,121.01,0.00,121.01,,,
ai generative courses,A,Exact match,0.00,19.82,5.77,114.32,0.00,114.32,,,
ai generative courses,A,Phrase match,0.00,20.02,5.77,115.47,0.00,115.47,,,
ai generative courses,B,Broad match,0.00,21.02,5.77,121.27,0.00,121.27,,,
ai generative courses,B,Exact match,0.00,19.88,5.77,114.70,0.00,114.70,,,
ai generative courses,B,Phrase match,0.00,20.06,5.77,115.73,0.00,115.73,,,
ai generative courses,C,Broad match,0.00,21.32,5.69,121.26,0.00,121.26,,,
ai generative courses,C,Exact match,0.00,19.97,5.69,113.62,0.00,113.62,,,
ai generative courses,C,Phrase match,0.00,20.15,5.69,114.64,0.00,114.64,,,
ai generative courses,USA,Broad match,0.00,21.11,5.77,121.79,0.00,121.79,,,
ai generative courses,USA,Exact match,0.00,20.20,5.77,116.54,0.00,116.54,,,
ai generative courses,USA,Phrase match,0.00,20.38,5.77,117.57,0.00,117.57,,,
ai generative engine optimization course,A,Exact match,0.00,19.77,4.98,98.42,0.00,98.42,,,
ai generative engine optimization course,A,Phrase match,0.00,19.93,4.98,99.22,0.00,99.22,,,
ai generative engine optimization course,B,Broad match,0.00,20.61,4.98,102.63,0.00,102.63,,,
ai generative engine optimization course,B,Exact match,0.00,19.63,4.98,97.72,0.00,97.72,,,
ai generative engine optimization course,B,Phrase match,0.00,19.67,4.98,97.93,0.00,97.93,,,
ai generative engine optimization course,C,Broad match,0.00,21.17,4.26,90.26,0.00,90.26,,,
ai generative engine optimization course,C,Exact match,0.00,19.71,4.26,84.06,0.00,84.06,,,
ai generative engine optimization course,C,Phrase match,0.00,19.75,4.26,84.24,0.00,84.24,,,
ai generative engine optimization course,USA,Broad match,0.00,20.70,4.98,103.04,0.00,103.04,,,
ai generative engine optimization course,USA,Exact match,0.00,19.77,4.98,98.44,0.00,98.44,,,
ai generative engine optimization course,USA,Phrase match,0.00,19.82,4.98,98.65,0.00,98.65,,,
ai generator course,A,Broad match,0.00,23.05,4.60,105.93,0.00,105.93,,,
ai generator course,A,Exact match,0.00,22.25,4.60,102.27,0.00,102.27,,,
ai generator course,A,Phrase match,0.00,22.29,4.60,102.45,0.00,102.45,,,
ai generator course,B,Broad match,0.00,22.96,4.60,105.50,0.00,105.50,,,
ai generator course,B,Exact match,0.00,22.04,4.60,101.27,0.00,101.27,,,
ai generator course,B,Phrase match,0.00,22.20,4.60,102.03,0.00,102.03,,,
ai generator course,C,Broad match,0.00,23.26,3.88,90.27,0.00,90.27,,,
ai generator course,C,Exact match,0.00,22.20,3.88,86.16,0.00,86.16,,,
ai generator course,C,Phrase match,0.00,22.36,3.88,86.80,0.00,86.80,,,
ai generator course,USA,Broad match,0.00,23.12,4.60,106.24,0.00,106.24,,,
ai generator course,USA,Exact match,0.00,22.33,4.60,102.63,0.00,102.63,,,
ai generator course,USA,Phrase match,0.00,22.50,4.60,103.39,0.00,103.39,,,
ai graphic design course,A,Broad match,0.00,20.44,4.02,82.06,0.00,82.06,,,
ai graphic design course,A,Exact match,0.00,19.85,4.02,79.71,0.00,79.71,1.57,3.06,4.26
ai graphic design course,A,Phrase match,0.00,19.86,4.02,79.73,0.00,79.73,,,
ai graphic design course,B,Broad match,0.00,20.40,4.02,81.92,0.00,81.92,,,
ai graphic design course,B,Phrase match,0.00,19.82,4.02,79.60,0.00,79.60,,,
ai graphic design course,C,Broad match,0.00,20.91,3.30,69.02,0.00,69.02,,,
ai graphic design course,C,Phrase match,0.00,19.91,3.30,65.74,0.00,65.74,,,
ai graphic design course,USA,Broad match,0.00,20.85,4.02,83.73,0.00,83.73,,,
ai graphic design course,USA,Exact match,0.00,20.06,4.02,80.56,0.00,80.56,4.13,7.22,10.32
ai graphic design course,USA,Phrase match,0.00,20.35,4.02,81.70,0.00,81.70,,,
ai image generation course,A,Broad match,0.00,20.44,3.99,81.50,0.00,81.50,,,
ai image generation course,A,Exact match,0.00,19.80,3.99,78.91,0.00,78.91,,,
ai image generation course,A,Phrase match,0.00,19.97,3.99,79.60,0.00,79.60,,,
ai image generation course,B,Broad match,0.00,20.41,3.99,81.37,0.00,81.37,,,
ai image generation course,B,Exact match,0.00,19.78,3.99,78.86,0.00,78.86,,,
ai image generation course,B,Phrase match,0.00,19.93,3.99,79.47,0.00,79.47,,,
ai image generation course,C,Broad match,0.00,21.00,3.27,68.71,0.00,68.71,,,
ai image generation course,C,Exact match,0.00,19.87,3.27,65.03,0.00,65.03,,,
ai image generation course,C,Phrase match,0.00,20.03,3.27,65.53,0.00,65.53,,,
ai image generation course,USA,Broad match,0.00,21.12,3.99,84.18,0.00,84.18,,,
ai image generation course,USA,Exact match,0.00,20.01,3.99,79.76,0.00,79.76,,,
ai image generation course,USA,Phrase match,0.00,20.16,3.99,80.37,0.00,80.37,,,
ai image generation course online,A,Broad match,0.00,20.45,4.40,89.93,0.00,89.93,,,
ai image generation course online,A,Exact match,0.00,19.80,4.40,87.08,0.00,87.08,,,
ai image generation course online,A,Phrase match,0.00,19.97,4.40,87.84,0.00,87.84,,,
ai image generation course online,B,Broad match,0.00,20.46,4.40,89.98,0.00,89.98,,,
ai image generation course online,B,Exact match,0.00,19.69,4.40,86.58,0.00,86.58,,,
ai image generation course online,B,Phrase match,0.00,19.98,4.40,87.89,0.00,87.89,,,
ai image generation course online,C,Broad match,0.00,21.04,3.68,77.51,0.00,77.51,,,
ai image generation course online,C,Exact match,0.00,19.77,3.68,72.83,0.00,72.83,,,
ai image generation course online,C,Phrase match,0.00,20.07,3.68,73.92,0.00,73.92,,,
ai image generation course online,USA,Broad match,0.00,21.16,4.40,93.05,0.00,93.05,,,
ai image generation course online,USA,Exact match,0.00,19.90,4.40,87.54,0.00,87.54,,,
ai image generation course online,USA,Phrase match,0.00,20.20,4.40,88.85,0.00,88.85,,,
ai image generation courses,A,Broad match,0.00,20.60,4.80,98.93,0.00,98.93,,,
ai image generation courses,A,Exact match,0.00,19.86,4.80,95.38,0.00,95.38,,,
ai image generation courses,A,Phrase match,0.00,20.45,4.80,98.22,0.00,98.22,,,
ai image generation courses,B,Broad match,0.00,20.56,4.80,98.77,0.00,98.77,,,
ai image generation courses,B,Exact match,0.00,19.84,4.80,95.32,0.00,95.32,,,
ai image generation courses,B,Phrase match,0.00,20.42,4.80,98.06,0.00,98.06,,,
ai image generation courses,C,Broad match,0.00,21.07,4.72,99.54,0.00,99.54,,,
ai image generation courses,C,Exact match,0.00,19.94,4.72,94.16,0.00,94.16,,,
ai image generation courses,C,Phrase match,0.00,20.51,4.72,96.86,0.00,96.86,,,
ai image generation courses,USA,Broad match,0.00,20.66,4.80,99.21,0.00,99.21,,,
ai image generation courses,USA,Exact match,0.00,20.17,4.80,96.87,0.00,96.87,,,
ai image generation courses,USA,Phrase match,0.00,20.81,4.80,99.97,0.00,99.97,,,
ai image generator course,A,Broad match,0.00,20.50,4.57,93.63,0.00,93.63,,,
ai image generator course,A,Exact match,0.00,19.93,4.57,91.01,0.00,91.01,,,
ai image generator course,A,Phrase match,0.00,20.03,4.57,91.46,0.00,91.46,,,
ai image generator course,B,Broad match,0.00,20.41,4.57,93.21,0.00,93.21,,,
ai image generator course,B,Exact match,0.00,19.82,4.57,90.51,0.00,90.51,,,
ai image generator course,B,Phrase match,0.00,19.93,4.57,91.04,0.00,91.04,,,
ai image generator course,C,Broad match,0.00,21.00,3.85,80.90,0.00,80.90,,,
ai image generator course,C,Exact match,0.00,19.91,3.85,76.70,0.00,76.70,,,
ai image generator course,C,Phrase match,0.00,20.03,3.85,77.15,0.00,77.15,,,
ai image generator course,USA,Broad match,0.00,21.12,4.57,96.43,0.00,96.43,,,
ai image generator course,USA,Exact match,0.00,20.05,4.57,91.54,0.00,91.54,,,
ai image generator course,USA,Phrase match,0.00,20.16,4.57,92.07,0.00,92.07,,,
ai image generator course free,A,Broad match,0.00,20.54,4.57,93.79,0.00,93.79,,,
ai image generator course free,A,Exact match,0.00,19.87,4.57,90.75,0.00,90.75,,,
ai image generator course free,A,Phrase match,0.00,19.98,4.57,91.24,0.00,91.24,,,
ai image generator course free,B,Broad match,0.00,20.20,4.57,92.25,0.00,92.25,,,
ai image generator course free,B,Exact match,0.00,19.65,4.57,89.76,0.00,89.76,,,
ai image generator course free,B,Phrase match,0.00,19.64,4.57,89.70,0.00,89.70,,,
ai image generator course free,C,Broad match,0.00,20.78,3.85,80.04,0.00,80.04,,,
ai image generator course free,C,Exact match,0.00,19.82,3.85,76.34,0.00,76.34,,,
ai image generator course free,C,Phrase match,0.00,19.80,3.85,76.29,0.00,76.29,,,
ai image generator course free,USA,Broad match,0.00,20.98,4.57,95.79,0.00,95.79,,,
ai image generator course free,USA,Exact match,0.00,19.95,4.57,91.11,0.00,91.11,,,
ai image generator course free,USA,Phrase match,0.00,19.94,4.57,91.06,0.00,91.06,,,
ai innovation course,A,Broad match,0.00,23.78,4.40,104.58,0.00,104.58,,,
ai innovation course,A,Exact match,0.00,22.12,4.40,97.31,0.00,97.31,3.09,4.64,6.19
ai innovation course,A,Phrase match,0.00,22.39,4.40,98.47,0.00,98.47,,,
ai innovation course,B,Broad match,0.00,23.72,4.40,104.32,0.00,104.32,,,
ai innovation course,B,Exact match,0.00,21.97,4.40,96.63,0.00,96.63,,,
ai innovation course,B,Phrase match,0.00,22.22,4.40,97.74,0.00,97.74,,,
ai innovation course,C,Broad match,0.00,23.90,3.68,88.06,0.00,88.06,,,
ai innovation course,C,Exact match,0.00,22.14,3.68,81.56,0.00,81.56,,,
ai innovation course,C,Phrase match,0.00,22.39,3.68,82.50,0.00,82.50,,,
ai innovation course,USA,Broad match,0.00,23.89,4.40,105.06,0.00,105.06,,,
ai innovation course,USA,Exact match,0.00,22.27,4.40,97.97,0.00,97.97,,,
ai innovation course,USA,Phrase match,0.00,22.53,4.40,99.09,0.00,99.09,,,
ai learning course,A,Broad match,0.00,20.83,5.53,115.26,0.00,115.26,,,
ai learning course,A,Exact match,0.00,19.94,5.53,110.31,0.00,110.31,1.05,5.73,35.24
ai learning course,A,Phrase match,0.00,20.27,5.53,112.13,0.00,112.13,0.51,2.65,9.15
ai learning course,B,Broad match,0.00,21.42,5.53,118.51,0.00,118.51,,,
ai learning course,B,Exact match,0.00,19.89,5.53,110.03,0.00,110.03,0.32,1.68,6.92
ai learning course,B,Phrase match,0.00,20.16,5.53,111.52,0.00,111.52,0.19,1.09,7.99
ai learning course,C,Broad match,0.00,22.12,5.45,120.58,0.00,120.58,,,
ai learning course,C,Exact match,0.00,19.98,5.45,108.93,0.00,108.93,0.45,0.72,1.00
ai learning course,C,Phrase match,0.00,20.25,5.45,110.40,0.00,110.40,0.21,0.77,6.13
ai learning course,USA,Broad match,0.00,21.51,5.53,119.02,0.00,119.02,,,
ai learning course,USA,Exact match,0.00,20.07,5.53,111.02,0.00,111.02,1.96,8.38,23.48
ai learning course,USA,Phrase match,0.00,20.34,5.53,112.52,0.00,112.52,0.91,6.66,32.70
ai online courses,A,Broad match,0.00,20.48,5.53,113.31,0.00,113.31,,,
ai online courses,A,Exact match,0.00,19.87,5.53,109.95,0.00,109.95,,,
ai online courses,A,Phrase match,0.00,20.00,5.53,110.67,0.00,110.67,,,
ai online courses,B,Broad match,0.00,20.58,5.53,113.87,0.00,113.87,0.18,1.01,3.19
ai online courses,B,Exact match,0.00,19.99,5.53,110.61,0.00,110.61,,,
ai online courses,B,Phrase match,0.00,20.10,5.53,111.23,0.00,111.23,,,
ai online courses,C,Broad match,0.00,20.79,5.45,113.36,0.00,113.36,,,
ai online courses,C,Exact match,0.00,20.00,5.45,109.04,0.00,109.04,,,
ai online courses,C,Phrase match,0.00,20.11,5.45,109.65,0.00,109.65,,,
ai online courses,USA,Broad match,0.00,20.59,5.53,113.90,0.00,113.90,,,
ai online courses,USA,Exact match,0.00,20.07,5.53,111.02,0.00,111.02,,,
ai online courses,USA,Phrase match,0.00,20.18,5.53,111.64,0.00,111.64,,,
ai prompt engineering course,A,Broad match,0.00,20.41,4.40,89.77,0.00,89.77,,,
ai prompt engineering course,A,Exact match,0.00,19.83,4.40,87.23,0.00,87.23,2.29,4.96,14.15
ai prompt engineering course,A,Phrase match,0.00,19.94,4.40,87.70,0.00,87.70,,,
ai prompt engineering course,B,Broad match,0.00,20.38,4.40,89.63,0.00,89.63,,,
ai prompt engineering course,B,Phrase match,0.00,19.91,4.40,87.56,0.00,87.56,,,
ai prompt engineering course,C,Broad match,0.00,20.83,3.68,76.75,0.00,76.75,,,
ai prompt engineering course,C,Exact match,0.00,19.87,3.68,73.22,0.00,73.22,,,
ai prompt engineering course,C,Phrase match,0.00,20.00,3.68,73.67,0.00,73.67,,,
ai prompt engineering course,USA,Broad match,0.00,20.47,4.40,90.03,0.00,90.03,,,
ai prompt engineering course,USA,Phrase match,0.00,20.06,4.40,88.23,0.00,88.23,,,
ai related certifications,A,Broad match,0.00,20.90,5.53,115.61,0.00,115.61,,,
ai related certifications,A,Exact match,0.00,19.83,5.53,109.71,0.00,109.71,,,
ai related certifications,A,Phrase match,0.00,19.89,5.53,110.06,0.00,110.06,0.53,2.47,6.01
ai related certifications,B,Broad match,0.00,20.93,5.53,115.80,0.00,115.80,,,
ai related certifications,B,Exact match,0.00,19.77,5.53,109.38,0.00,109.38,0.36,0.74,1.11
ai related certifications,B,Phrase match,0.00,19.93,5.53,110.25,0.00,110.25,0.11,0.67,1.49
ai related certifications,C,Broad match,0.00,21.14,4.82,101.84,0.00,101.84,,,
ai related certifications,C,Exact match,0.00,19.86,4.82,95.70,0.00,95.70,,,
ai related certifications,C,Phrase match,0.00,20.02,4.82,96.46,0.00,96.46,0.12,0.51,1.00
ai related certifications,USA,Broad match,0.00,21.02,5.53,116.30,0.00,116.30,,,
ai related certifications,USA,Exact match,0.00,19.92,5.53,110.22,0.00,110.22,1.55,9.60,25.67
ai related certifications,USA,Phrase match,0.00,20.08,5.53,111.09,0.00,111.09,1.70,6.92,18.26
ai short course,A,Broad match,0.00,20.74,3.56,73.94,0.00,73.94,,,
ai short course,A,Exact match,0.00,19.68,3.56,70.15,0.00,70.15,,,
ai short course,A,Phrase match,0.00,20.09,3.56,71.62,0.00,71.62,1.35,2.68,4.93
ai short course,B,Broad match,0.00,20.59,3.56,73.38,0.00,73.38,,,
ai short course,B,Exact match,0.00,19.68,3.56,70.15,0.00,70.15,0.52,0.52,0.52
ai short course,B,Phrase match,0.00,19.98,3.56,71.24,0.00,71.24,0.28,0.85,1.14
ai short course,C,Broad match,0.00,20.96,3.48,73.02,0.00,73.02,,,
ai short course,C,Exact match,0.00,19.91,3.48,69.38,0.00,69.38,,,
ai short course,C,Phrase match,0.00,20.22,3.48,70.44,0.00,70.44,0.47,0.65,0.77
ai short course,USA,Broad match,0.00,20.74,3.56,73.93,0.00,73.93,,,
ai short course,USA,Exact match,0.00,19.90,3.56,70.92,0.00,70.92,8.83,8.83,8.83
ai short course,USA,Phrase match,0.00,20.27,3.56,72.27,0.00,72.27,1.58,8.55,21.29
ai strategy course,A,Broad match,0.00,23.03,4.98,114.67,0.00,114.67,,,
ai strategy course,A,Exact match,0.00,22.09,4.98,109.99,0.00,109.99,,,
ai strategy course,A,Phrase match,0.00,23.01,4.98,114.56,0.00,114.56,,,
ai strategy course,B,Broad match,0.00,22.80,4.98,113.50,0.00,113.50,,,
ai strategy course,B,Exact match,0.00,21.99,4.98,109.48,0.00,109.48,,,
ai strategy course,B,Phrase match,0.00,22.73,4.98,113.14,0.00,113.14,,,
ai strategy course,C,Broad match,0.00,23.29,4.90,114.10,0.00,114.10,,,
ai strategy course,C,Exact match,0.00,22.22,4.90,108.82,0.00,108.82,,,
ai strategy course,C,Phrase match,0.00,22.95,4.90,112.42,0.00,112.42,,,
ai strategy course,USA,Broad match,0.00,22.88,4.98,113.91,0.00,113.91,,,
ai strategy course,USA,Exact match,0.00,22.31,4.98,111.05,0.00,111.05,10.92,10.92,10.92
ai strategy course,USA,Phrase match,0.00,23.11,4.98,115.07,0.00,115.07,2.91,9.36,23.15
ai upskilling programs,A,Broad match,0.00,20.49,4.74,97.08,0.00,97.08,,,
ai upskilling programs,A,Exact match,0.00,19.73,4.74,93.46,0.00,93.46,,,
ai upskilling programs,A,Phrase match,0.00,19.87,4.74,94.17,0.00,94.17,,,
ai upskilling programs,B,Broad match,0.00,20.29,4.74,96.14,0.00,96.14,,,
ai upskilling programs,B,Exact match,0.00,19.70,4.74,93.34,0.00,93.34,1.05,1.05,1.05
ai upskilling programs,B,Phrase match,0.00,19.80,4.74,93.80,0.00,93.80,,,
ai upskilling programs,C,Broad match,0.00,20.82,4.02,83.79,0.00,83.79,,,
ai upskilling programs,C,Exact match,0.00,19.87,4.02,79.96,0.00,79.96,,,
ai upskilling programs,C,Phrase match,0.00,19.97,4.02,80.34,0.00,80.34,,,
ai upskilling programs,USA,Broad match,0.00,20.46,4.74,96.94,0.00,96.94,,,
ai upskilling programs,USA,Exact match,0.00,19.93,4.74,94.44,0.00,94.44,,,
ai upskilling programs,USA,Phrase match,0.00,20.03,4.74,94.89,0.00,94.89,,,
applied gen ai for digital transformation mit,A,Broad match,0.00,20.28,4.54,92.07,0.00,92.07,,,
applied gen ai for digital transformation mit,A,Exact match,0.00,19.64,4.54,89.18,0.00,89.18,,,
applied gen ai for digital transformation mit,A,Phrase match,0.00,19.81,4.54,89.94,0.00,89.94,,,
applied gen ai for digital transformation mit,B,Broad match,0.00,20.17,4.54,91.57,0.00,91.57,0.19,1.26,4.79
applied gen ai for digital transformation mit,B,Exact match,0.00,19.65,4.54,89.21,0.00,89.21,,,
applied gen ai for digital transformation mit,B,Phrase match,0.00,19.82,4.54,89.99,0.00,89.99,,,
applied gen ai for digital transformation mit,C,Broad match,0.00,20.84,3.83,79.73,0.00,79.73,,,
applied gen ai for digital transformation mit,C,Exact match,0.00,19.74,3.83,75.52,0.00,75.52,,,
applied gen ai for digital transformation mit,C,Phrase match,0.00,19.91,3.83,76.18,0.00,76.18,,,
applied gen ai for digital transformation mit,USA,Broad match,0.00,20.26,4.54,91.99,0.00,91.99,,,
applied gen ai for digital transformation mit,USA,Exact match,0.00,19.80,4.54,89.90,0.00,89.90,,,
applied gen ai for digital transformation mit,USA,Phrase match,0.00,19.97,4.54,90.68,0.00,90.68,,,
artificial intelligence bootcamp online,A,Broad match,0.00,20.89,5.12,106.96,0.00,106.96,,,
artificial intelligence bootcamp online,A,Exact match,0.00,19.64,5.12,100.60,0.00,100.60,,,
artificial intelligence bootcamp online,A,Phrase match,0.00,19.74,5.12,101.09,0.00,101.09,,,
artificial intelligence bootcamp online,B,Broad match,0.00,20.97,5.12,107.39,0.00,107.39,,,
artificial intelligence bootcamp online,B,Exact match,0.00,19.75,5.12,101.13,0.00,101.13,,,
artificial intelligence bootcamp online,B,Phrase match,0.00,19.88,5.12,101.78,0.00,101.78,,,
artificial intelligence bootcamp online,C,Broad match,0.00,21.28,4.41,93.76,0.00,93.76,,,
artificial intelligence bootcamp online,C,Exact match,0.00,19.84,4.41,87.43,0.00,87.43,,,
artificial intelligence bootcamp online,C,Phrase match,0.00,19.97,4.41,87.98,0.00,87.98,,,
artificial intelligence bootcamp online,USA,Broad match,0.00,21.06,5.12,107.85,0.00,107.85,,,
artificial intelligence bootcamp online,USA,Exact match,0.00,19.90,5.12,101.91,0.00,101.91,,,
artificial intelligence bootcamp online,USA,Phrase match,0.00,20.03,5.12,102.56,0.00,102.56,2.38,2.38,2.38
artificial intelligence certification,A,Broad match,0.00,20.51,5.17,106.06,0.00,106.06,,,
artificial intelligence certification,A,Exact match,0.00,19.83,5.17,102.56,0.00,102.56,1.00,2.24,4.70
artificial intelligence certification,A,Phrase match,0.00,19.94,5.17,103.10,0.00,103.10,0.40,3.87,13.77
artificial intelligence certification,B,Broad match,0.00,20.62,5.17,106.64,0.00,106.64,,,
artificial intelligence certification,B,Exact match,0.00,19.89,5.17,102.84,0.00,102.84,0.28,0.68,2.30
artificial intelligence certification,B,Phrase match,0.00,20.05,5.17,103.68,0.00,103.68,0.22,1.35,6.22
artificial intelligence certification,C,Broad match,0.00,20.83,4.46,92.83,0.00,92.83,,,
artificial intelligence certification,C,Exact match,0.00,19.98,4.46,89.04,0.00,89.04,0.49,0.57,0.63
artificial intelligence certification,C,Phrase match,0.00,20.14,4.46,89.76,0.00,89.76,0.35,2.34,11.79
artificial intelligence certification,USA,Broad match,0.00,20.72,5.17,107.11,0.00,107.11,,,
artificial intelligence certification,USA,Exact match,0.00,20.05,5.17,103.67,0.00,103.67,2.25,9.88,30.20
artificial intelligence certification,USA,Phrase match,0.00,20.21,5.17,104.51,0.00,104.51,1.07,7.82,27.99
artificial intelligence certification mit,A,Broad match,0.00,20.40,5.17,105.49,0.00,105.49,,,
artificial intelligence certification mit,A,Exact match,0.00,19.92,5.17,102.98,0.00,102.98,1.41,8.92,21.35
artificial intelligence certification mit,A,Phrase match,0.00,19.89,5.17,102.84,0.00,102.84,,,
artificial intelligence certification mit,B,Broad match,0.00,20.29,5.17,104.92,0.00,104.92,,,
artificial intelligence certification mit,B,Exact match,0.00,19.92,5.17,103.01,0.00,103.01,0.28,2.76,13.07
artificial intelligence certification mit,B,Phrase match,0.00,19.90,5.17,102.89,0.00,102.89,,,
artificial intelligence certification mit,C,Broad match,0.00,20.75,4.46,92.46,0.00,92.46,,,
artificial intelligence certification mit,C,Exact match,0.00,20.01,4.46,89.19,0.00,89.19,,,
artificial intelligence certification mit,C,Phrase match,0.00,19.99,4.46,89.08,0.00,89.08,,,
artificial intelligence certification mit,USA,Broad match,0.00,20.38,5.17,105.40,0.00,105.40,,,
artificial intelligence certification mit,USA,Exact match,0.00,20.15,5.17,104.18,0.00,104.18,3.48,10.66,18.72
artificial intelligence certification mit,USA,Phrase match,0.00,20.13,5.17,104.06,0.00,104.06,,,
artificial intelligence course,A,Broad match,0.00,20.88,4.95,103.40,0.00,103.40,,,
artificial intelligence course,A,Exact match,0.00,20.11,4.95,99.60,0.00,99.60,0.64,4.58,23.42
artificial intelligence course,A,Phrase match,0.00,20.34,4.95,100.71,0.00,100.71,0.70,2.34,7.37
artificial intelligence course,B,Broad match,0.00,20.79,4.95,102.97,0.00,102.97,,,
artificial intelligence course,B,Exact match,0.00,20.01,4.95,99.09,0.00,99.09,0.21,1.08,5.69
artificial intelligence course,B,Phrase match,0.00,20.25,4.95,100.29,0.00,100.29,0.29,0.81,2.20
artificial intelligence course,C,Broad match,0.00,21.08,4.24,89.33,0.00,89.33,,,
artificial intelligence course,C,Exact match,0.00,20.18,4.24,85.51,0.00,85.51,0.15,0.66,1.08
artificial intelligence course,C,Phrase match,0.00,20.42,4.24,86.55,0.00,86.55,0.16,0.62,1.87
artificial intelligence course,USA,Broad match,0.00,20.96,4.95,103.81,0.00,103.81,,,
artificial intelligence course,USA,Exact match,0.00,20.25,4.95,100.27,0.00,100.27,1.63,8.03,40.20
artificial intelligence course,USA,Phrase match,0.00,20.49,4.95,101.47,0.00,101.47,2.09,6.78,25.18
artificial intelligence for engineering,A,Broad match,0.00,20.86,5.21,108.77,0.00,108.77,,,
artificial intelligence for engineering,A,Exact match,0.00,19.83,5.21,103.43,0.00,103.43,,,
artificial intelligence for engineering,A,Phrase match,0.00,20.08,5.21,104.72,0.00,104.72,,,
artificial intelligence for engineering,B,Broad match,0.00,20.85,5.21,108.75,0.00,108.75,,,
artificial intelligence for engineering,B,Exact match,0.00,19.79,5.21,103.19,0.00,103.19,,,
artificial intelligence for engineering,B,Phrase match,0.00,20.01,5.21,104.38,0.00,104.38,,,
artificial intelligence for engineering,C,Broad match,0.00,21.42,5.13,109.98,0.00,109.98,,,
artificial intelligence for engineering,C,Exact match,0.00,19.88,5.13,102.08,0.00,102.08,,,
artificial intelligence for engineering,C,Phrase match,0.00,20.11,5.13,103.24,0.00,103.24,,,
artificial intelligence for engineering,USA,Broad match,0.00,20.95,5.21,109.23,0.00,109.23,,,
artificial intelligence for engineering,USA,Exact match,0.00,20.01,5.21,104.37,0.00,104.37,,,
artificial intelligence for engineering,USA,Phrase match,0.00,20.24,5.21,105.56,0.00,105.56,,,
artificial intelligence for engineers,A,Broad match,0.00,20.79,5.77,119.94,0.00,119.94,,,
artificial intelligence for engineers,A,Exact match,0.00,19.95,5.77,115.11,0.00,115.11,,,
artificial intelligence for engineers,A,Phrase match,0.00,20.13,5.77,116.11,0.00,116.11,,,
artificial intelligence for engineers,B,Broad match,0.00,20.72,5.77,119.56,0.00,119.56,,,
artificial intelligence for engineers,B,Exact match,0.00,19.91,5.77,114.85,0.00,114.85,,,
artificial intelligence for engineers,B,Phrase match,0.00,20.06,5.77,115.73,0.00,115.73,,,
artificial intelligence for engineers,C,Broad match,0.00,20.93,5.05,105.80,0.00,105.80,,,
artificial intelligence for engineers,C,Exact match,0.00,20.00,5.05,101.09,0.00,101.09,,,
artificial intelligence for engineers,C,Phrase match,0.00,20.15,5.05,101.86,0.00,101.86,,,
artificial intelligence for engineers,USA,Broad match,0.00,20.82,5.77,120.08,0.00,120.08,,,
artificial intelligence for engineers,USA,Exact match,0.00,20.13,5.77,116.15,0.00,116.15,,,
artificial intelligence for engineers,USA,Phrase match,0.00,20.29,5.77,117.03,0.00,117.03,,,
artificial intelligence for enterprise,A,Broad match,0.00,21.10,4.22,89.09,0.00,89.09,,,
artificial intelligence for enterprise,A,Exact match,0.00,19.82,4.22,83.71,0.00,83.71,,,
artificial intelligence for enterprise,A,Phrase match,0.00,20.57,4.22,86.85,0.00,86.85,,,
artificial intelligence for enterprise,B,Broad match,0.00,20.95,4.22,88.47,0.00,88.47,,,
artificial intelligence for enterprise,B,Exact match,0.00,19.89,4.22,84.01,0.00,84.01,,,
artificial intelligence for enterprise,B,Phrase match,0.00,20.49,4.22,86.53,0.00,86.53,,,
artificial intelligence for enterprise,C,Broad match,0.00,21.06,4.14,87.24,0.00,87.24,,,
artificial intelligence for enterprise,C,Exact match,0.00,20.05,4.14,83.05,0.00,83.05,,,
artificial intelligence for enterprise,C,Phrase match,0.00,20.64,4.14,85.52,0.00,85.52,,,
artificial intelligence for enterprise,USA,Broad match,0.00,21.04,4.22,88.86,0.00,88.86,,,
artificial intelligence for enterprise,USA,Exact match,0.00,20.03,4.22,84.60,0.00,84.60,,,
artificial intelligence for enterprise,USA,Phrase match,0.00,20.70,4.22,87.42,0.00,87.42,,,
artificial intelligence for leadership,A,Broad match,0.00,20.49,4.97,101.93,0.00,101.93,,,
artificial intelligence for leadership,A,Exact match,0.00,19.80,4.97,98.51,0.00,98.51,,,
artificial intelligence for leadership,A,Phrase match,0.00,20.19,4.97,100.44,0.00,100.44,0.90,0.90,0.90
artificial intelligence for leadership,B,Broad match,0.00,20.42,4.97,101.60,0.00,101.60,,,
artificial intelligence for leadership,B,Exact match,0.00,19.61,4.97,97.56,0.00,97.56,,,
artificial intelligence for leadership,B,Phrase match,0.00,20.12,4.97,100.11,0.00,100.11,,,
artificial intelligence for leadership,C,Broad match,0.00,21.16,4.89,103.58,0.00,103.58,,,
artificial intelligence for leadership,C,Exact match,0.00,19.92,4.89,97.47,0.00,97.47,,,
artificial intelligence for leadership,C,Phrase match,0.00,20.43,4.89,99.98,0.00,99.98,,,
artificial intelligence for leadership,USA,Broad match,0.00,20.59,4.97,102.40,0.00,102.40,,,
artificial intelligence for leadership,USA,Exact match,0.00,20.01,4.97,99.52,0.00,99.52,,,
artificial intelligence for leadership,USA,Phrase match,0.00,20.59,4.97,102.43,0.00,102.43,3.32,10.62,16.94
artificial intelligence master online,A,Broad match,0.00,20.51,4.80,98.54,0.00,98.54,,,
artificial intelligence master online,A,Exact match,0.00,19.73,4.80,94.78,0.00,94.78,0.63,2.80,4.24
artificial intelligence master online,A,Phrase match,0.00,19.83,4.80,95.26,0.00,95.26,0.80,2.64,7.13
artificial intelligence master online,B,Broad match,0.00,20.45,4.80,98.23,0.00,98.23,,,
artificial intelligence master online,B,Exact match,0.00,19.67,4.80,94.48,0.00,94.48,0.01,0.68,1.86
artificial intelligence master online,B,Phrase match,0.00,19.77,4.80,94.95,0.00,94.95,1.52,2.08,2.64
artificial intelligence master online,C,Broad match,0.00,20.75,4.09,84.86,0.00,84.86,,,
artificial intelligence master online,C,Exact match,0.00,19.84,4.09,81.12,0.00,81.12,,,
artificial intelligence master online,C,Phrase match,0.00,19.94,4.09,81.52,0.00,81.52,1.56,3.40,5.23
artificial intelligence master online,USA,Broad match,0.00,20.68,4.80,99.34,0.00,99.34,,,
artificial intelligence master online,USA,Exact match,0.00,19.90,4.80,95.59,0.00,95.59,1.45,6.62,15.30
artificial intelligence master online,USA,Phrase match,0.00,20.00,4.80,96.06,0.00,96.06,3.09,6.26,10.55
artificial intelligence master's degree online,A,Broad match,0.00,22.64,5.77,130.61,0.00,130.61,,,
artificial intelligence master's degree online,A,Exact match,0.00,22.08,5.77,127.36,0.00,127.36,,,
artificial intelligence master's degree online,A,Phrase match,0.00,22.11,5.77,127.57,0.00,127.57,0.78,2.56,6.10
artificial intelligence master's degree online,B,Broad match,0.00,22.53,5.77,129.98,0.00,129.98,,,
artificial intelligence master's degree online,B,Exact match,0.00,22.08,5.77,127.39,0.00,127.39,0.56,1.19,1.94
artificial intelligence master's degree online,B,Phrase match,0.00,22.12,5.77,127.63,0.00,127.63,0.63,1.05,2.39
artificial intelligence master's degree online,C,Broad match,0.00,22.84,5.05,115.43,0.00,115.43,,,
artificial intelligence master's degree online,C,Exact match,0.00,22.17,5.05,112.08,0.00,112.08,0.78,0.78,0.78
artificial intelligence master's degree online,C,Phrase match,0.00,22.21,5.05,112.29,0.00,112.29,0.41,1.64,5.00
artificial intelligence master's degree online,USA,Broad match,0.00,22.62,5.77,130.50,0.00,130.50,,,
artificial intelligence master's degree online,USA,Exact match,0.00,22.23,5.77,128.27,0.00,128.27,3.34,11.75,25.52
artificial intelligence master's degree online,USA,Phrase match,0.00,22.28,5.77,128.51,0.00,128.51,5.11,9.63,18.28
artificial intelligence ms in usa,A,Broad match,0.00,20.44,4.57,93.36,0.00,93.36,,,
artificial intelligence ms in usa,A,Exact match,0.00,19.71,4.57,90.02,0.00,90.02,1.40,1.62,1.85
artificial intelligence ms in usa,A,Phrase match,0.00,20.14,4.57,91.95,0.00,91.95,0.90,1.98,3.59
artificial intelligence ms in usa,B,Broad match,0.00,20.02,4.57,91.42,0.00,91.42,,,
artificial intelligence ms in usa,B,Exact match,0.00,19.41,4.57,88.62,0.00,88.62,,,
artificial intelligence ms in usa,B,Phrase match,0.00,19.71,4.57,90.01,0.00,90.01,,,
artificial intelligence ms in usa,C,Broad match,0.00,20.55,4.49,92.21,0.00,92.21,,,
artificial intelligence ms in usa,C,Exact match,0.00,19.78,4.49,88.75,0.00,88.75,,,
artificial intelligence ms in usa,C,Phrase match,0.00,20.09,4.49,90.11,0.00,90.11,,,
artificial intelligence ms in usa,USA,Broad match,0.00,20.19,4.57,92.20,0.00,92.20,,,
artificial intelligence ms in usa,USA,Exact match,0.00,19.62,4.57,89.62,0.00,89.62,1.98,2.59,3.21
artificial intelligence ms in usa,USA,Phrase match,0.00,20.00,4.57,91.34,0.00,91.34,3.15,6.12,16.62
artificial intelligence online program,A,Broad match,0.00,20.66,3.99,82.35,0.00,82.35,,,
artificial intelligence online program,A,Exact match,0.00,19.78,3.99,78.85,0.00,78.85,2.16,4.51,6.96
artificial intelligence online program,A,Phrase match,0.00,19.87,3.99,79.20,0.00,79.20,0.51,2.31,8.49
artificial intelligence online program,B,Broad match,0.00,20.37,3.99,81.21,0.00,81.21,,,
artificial intelligence online program,B,Exact match,0.00,19.68,3.99,78.47,0.00,78.47,0.47,1.28,3.55
artificial intelligence online program,B,Phrase match,0.00,19.70,3.99,78.54,0.00,78.54,0.22,0.97,5.25
artificial intelligence online program,C,Broad match,0.00,20.86,3.91,81.50,0.00,81.50,,,
artificial intelligence online program,C,Exact match,0.00,19.85,3.91,77.53,0.00,77.53,,,
artificial intelligence online program,C,Phrase match,0.00,19.86,3.91,77.59,0.00,77.59,0.15,0.74,2.93
artificial intelligence online program,USA,Broad match,0.00,20.53,3.99,81.86,0.00,81.86,,,
artificial intelligence online program,USA,Exact match,0.00,19.91,3.99,79.36,0.00,79.36,1.68,5.54,11.43
artificial intelligence online program,USA,Phrase match,0.00,19.93,3.99,79.43,0.00,79.43,1.69,6.80,20.80
artificial intelligence short course online,A,Broad match,0.00,20.85,4.02,83.74,0.00,83.74,,,
artificial intelligence short course online,A,Exact match,0.00,19.71,4.02,79.14,0.00,79.14,,,
artificial intelligence short course online,B,Broad match,0.00,20.89,4.02,83.87,0.00,83.87,,,
artificial intelligence short course online,B,Exact match,0.00,19.90,4.02,79.90,0.00,79.90,,,
artificial intelligence short course online,B,Phrase match,0.00,20.13,4.02,80.82,0.00,80.82,,,
artificial intelligence short course online,C,Broad match,0.00,21.00,3.94,82.65,0.00,82.65,,,
artificial intelligence short course online,C,Exact match,0.00,20.05,3.94,78.89,0.00,78.89,,,
artificial intelligence short course online,C,Phrase match,0.00,20.28,3.94,79.80,0.00,79.80,,,
artificial intelligence short course online,USA,Broad match,0.00,21.51,4.02,86.36,0.00,86.36,,,
artificial intelligence short course online,USA,Exact match,0.00,20.06,4.02,80.56,0.00,80.56,,,
artificial intelligence short course online,USA,Phrase match,0.00,20.37,4.02,81.78,0.00,81.78,,,
artificial intelligence specialist certification,A,Broad match,0.00,20.54,5.58,114.57,0.00,114.57,,,
artificial intelligence specialist certification,A,Exact match,0.00,19.88,5.58,110.90,0.00,110.90,,,
artificial intelligence specialist certification,A,Phrase match,0.00,19.91,5.58,111.07,0.00,111.07,,,
artificial intelligence specialist certification,B,Broad match,0.00,20.57,5.58,114.76,0.00,114.76,,,
artificial intelligence specialist certification,B,Exact match,0.00,19.86,5.58,110.77,0.00,110.77,1.57,1.57,1.57
artificial intelligence specialist certification,B,Phrase match,0.00,19.95,5.58,111.26,0.00,111.26,,,
artificial intelligence specialist certification,C,Broad match,0.00,20.94,4.86,101.88,0.00,101.88,,,
artificial intelligence specialist certification,C,Exact match,0.00,19.95,4.86,97.03,0.00,97.03,,,
artificial intelligence specialist certification,C,Phrase match,0.00,20.04,4.86,97.46,0.00,97.46,,,
artificial intelligence specialist certification,USA,Broad match,0.00,20.72,5.58,115.61,0.00,115.61,,,
artificial intelligence specialist certification,USA,Exact match,0.00,20.08,5.58,112.04,0.00,112.04,,,
artificial intelligence specialist certification,USA,Phrase match,0.00,20.17,5.58,112.53,0.00,112.53,,,
artificial intelligence stanford online,A,Broad match,0.00,20.61,4.63,95.51,0.00,95.51,,,
artificial intelligence stanford online,A,Exact match,0.00,19.78,4.63,91.69,0.00,91.69,0.91,2.80,6.97
artificial intelligence stanford online,A,Phrase match,0.00,19.88,4.63,92.15,0.00,92.15,,,
artificial intelligence stanford online,B,Broad match,0.00,21.13,4.63,97.95,0.00,97.95,,,
artificial intelligence stanford online,B,Exact match,0.00,19.80,4.63,91.76,0.00,91.76,0.43,1.07,2.07
artificial intelligence stanford online,B,Phrase match,0.00,19.76,4.63,91.58,0.00,91.58,,,
artificial intelligence stanford online,C,Broad match,0.00,21.62,3.92,84.76,0.00,84.76,,,
artificial intelligence stanford online,C,Exact match,0.00,19.89,3.92,77.98,0.00,77.98,0.27,0.86,1.28
artificial intelligence stanford online,C,Phrase match,0.00,19.85,3.92,77.82,0.00,77.82,,,
artificial intelligence stanford online,USA,Broad match,0.00,21.23,4.63,98.37,0.00,98.37,,,
artificial intelligence stanford online,USA,Exact match,0.00,19.95,4.63,92.47,0.00,92.47,1.53,7.57,24.35
artificial intelligence stanford online,USA,Phrase match,0.00,19.91,4.63,92.28,0.00,92.28,1.96,5.32,11.40
artificial intelligence summer course,A,Broad match,0.00,20.56,4.54,93.35,0.00,93.35,,,
artificial intelligence summer course,A,Exact match,0.00,19.93,4.54,90.51,0.00,90.51,,,
artificial intelligence summer course,A,Phrase match,0.00,20.13,4.54,91.40,0.00,91.40,1.35,3.34,7.81
artificial intelligence summer course,B,Broad match,0.00,20.71,4.54,94.03,0.00,94.03,,,
artificial intelligence summer course,B,Exact match,0.00,19.92,4.54,90.43,0.00,90.43,,,
artificial intelligence summer course,B,Phrase match,0.00,20.12,4.54,91.37,0.00,91.37,0.49,0.95,1.57
artificial intelligence summer course,C,Broad match,0.00,21.12,3.83,80.83,0.00,80.83,,,
artificial intelligence summer course,C,Exact match,0.00,20.00,3.83,76.52,0.00,76.52,,,
artificial intelligence summer course,C,Phrase match,0.00,20.21,3.83,77.32,0.00,77.32,0.44,0.44,0.44
artificial intelligence summer course,USA,Broad match,0.00,21.41,4.54,97.20,0.00,97.20,,,
artificial intelligence summer course,USA,Exact match,0.00,20.06,4.54,91.08,0.00,91.08,4.39,6.97,11.01
artificial intelligence summer course,USA,Phrase match,0.00,20.27,4.54,92.03,0.00,92.03,2.18,4.75,9.38
artificial intelligence training,A,Broad match,0.00,20.98,5.36,112.42,0.00,112.42,,,
artificial intelligence training,A,Exact match,0.00,20.12,5.36,107.78,0.00,107.78,0.59,4.70,30.15
artificial intelligence training,A,Phrase match,0.00,21.20,5.36,113.60,0.00,113.60,0.35,2.25,5.37
artificial intelligence training,B,Broad match,0.00,20.87,5.36,111.82,0.00,111.82,,,
artificial intelligence training,B,Exact match,0.00,20.02,5.36,107.23,0.00,107.23,0.23,1.34,8.50
artificial intelligence training,B,Phrase match,0.00,21.04,5.36,112.73,0.00,112.73,0.35,0.78,4.05
artificial intelligence training,C,Broad match,0.00,21.59,5.28,113.95,0.00,113.95,,,
artificial intelligence training,C,Exact match,0.00,20.19,5.28,106.52,0.00,106.52,0.26,1.23,2.83
artificial intelligence training,C,Phrase match,0.00,21.21,5.28,111.94,0.00,111.94,0.11,0.51,1.75
artificial intelligence training,USA,Broad match,0.00,21.04,5.36,112.72,0.00,112.72,,,
artificial intelligence training,USA,Exact match,0.00,20.35,5.36,109.03,0.00,109.03,1.17,6.32,26.61
artificial intelligence training,USA,Phrase match,0.00,21.45,5.36,114.92,0.00,114.92,0.93,6.33,15.38
artificial intelligence workshop,A,Broad match,0.00,20.72,3.99,82.60,0.00,82.60,,,
artificial intelligence workshop,A,Exact match,0.00,19.79,3.99,78.88,0.00,78.88,,,
artificial intelligence workshop,A,Phrase match,0.00,19.94,3.99,79.51,0.00,79.51,0.45,1.21,2.25
artificial intelligence workshop,B,Broad match,0.00,20.52,3.99,81.80,0.00,81.80,,,
artificial intelligence workshop,B,Exact match,0.00,19.71,3.99,78.56,0.00,78.56,,,
artificial intelligence workshop,B,Phrase match,0.00,19.74,3.99,78.71,0.00,78.71,0.20,0.43,0.65
artificial intelligence workshop,C,Broad match,0.00,20.66,3.27,67.61,0.00,67.61,,,
artificial intelligence workshop,C,Exact match,0.00,19.80,3.27,64.78,0.00,64.78,,,
artificial intelligence workshop,C,Phrase match,0.00,19.84,3.27,64.91,0.00,64.91,0.19,0.42,1.15
artificial intelligence workshop,USA,Broad match,0.00,20.67,3.99,82.42,0.00,82.42,,,
artificial intelligence workshop,USA,Exact match,0.00,19.93,3.99,79.47,0.00,79.47,3.65,5.79,8.87
artificial intelligence workshop,USA,Phrase match,0.00,19.97,3.99,79.61,0.00,79.61,2.35,5.14,16.08
best ai certification,A,Broad match,0.00,20.73,3.95,81.83,0.00,81.83,,,
best ai certification,A,Exact match,0.00,19.75,3.95,77.95,0.00,77.95,1.45,3.67,9.54
best ai certification,A,Phrase match,0.00,19.82,3.95,78.25,0.00,78.25,,,
best ai certification,B,Broad match,0.00,20.55,3.95,81.11,0.00,81.11,,,
best ai certification,B,Exact match,0.00,19.69,3.95,77.71,0.00,77.71,0.18,0.68,1.69
best ai certification,B,Phrase match,0.00,19.78,3.95,78.08,0.00,78.08,,,
best ai certification,C,Broad match,0.00,20.97,3.23,67.82,0.00,67.82,,,
best ai certification,C,Exact match,0.00,19.78,3.23,63.95,0.00,63.95,0.31,0.35,0.39
best ai certification,C,Phrase match,0.00,19.87,3.23,64.25,0.00,64.25,,,
best ai certification,USA,Broad match,0.00,20.64,3.95,81.47,0.00,81.47,1.20,4.13,9.76
best ai certification,USA,Exact match,0.00,19.84,3.95,78.31,0.00,78.31,4.24,9.10,20.35
best ai certification,USA,Phrase match,0.00,19.93,3.95,78.68,0.00,78.68,5.82,13.30,21.71
